like1,parlr_T,parlr_RRR,parlr_RH,parRRR_factor,paralb_ice,paralb_snow,paralb_firn,paralbedo_aging,paralbedo_depth,simulation_0,simulation_1,simulation_2,simulation_3,simulation_4,simulation_5,simulation_6,simulation_7,simulation_8,simulation_9,simulation_10,simulation_11,simulation_12,simulation_13,simulation_14,simulation_15,simulation_16,simulation_17,simulation_18,simulation_19,simulation_20,simulation_21,simulation_22,simulation_23,simulation_24,simulation_25,simulation_26,simulation_27,simulation_28,simulation_29,simulation_30,simulation_31,simulation_32,simulation_33,simulation_34,simulation_35,simulation_36,simulation_37,simulation_38,simulation_39,simulation_40,simulation_41,simulation_42,simulation_43,simulation_44,simulation_45,simulation_46,simulation_47,simulation_48,simulation_49,simulation_50,simulation_51,simulation_52,simulation_53,simulation_54,simulation_55,simulation_56,simulation_57,chain
-298.2,-0.00597,0.00010073,0.004646,0.6606,0.2175,0.6665,0.637,22.38,7.043,3754.0,3754.0,3754.0,3754.0,3754.0,3754.0,3754.0,3754.0,3754.0,3754.0,3754.0,3754.0,3754.0,3754.0,3754.0,3754.0,3754.0,3754.0,3754.0,3754.0,3754.0,3754.0,3754.0,3754.0,3754.0,3754.0,3754.0,3754.0,3754.0,3754.0,3754.0,3754.0,3754.0,3754.0,3754.0,3754.0,3754.0,3754.0,3754.0,3754.0,3754.0,3754.0,3754.0,3754.0,3754.0,3754.0,3754.0,3754.0,3754.0,3754.0,3754.0,3754.0,3754.0,3754.0,3754.0,3754.0,3754.0,3754.0,0.0
-298.2,-0.006096,9.59e-05,0.001379,0.6753,0.2174,0.656,0.6455,21.16,7.25,3754.0,3754.0,3754.0,3754.0,3754.0,3754.0,3754.0,3754.0,3754.0,3754.0,3754.0,3754.0,3754.0,3754.0,3754.0,3754.0,3754.0,3754.0,3754.0,3754.0,3754.0,3754.0,3754.0,3754.0,3754.0,3754.0,3754.0,3754.0,3754.0,3754.0,3754.0,3754.0,3754.0,3754.0,3754.0,3754.0,3754.0,3754.0,3754.0,3754.0,3754.0,3754.0,3754.0,3754.0,3754.0,3754.0,3754.0,3754.0,3754.0,3754.0,3754.0,3754.0,3754.0,3754.0,3754.0,3754.0,3754.0,3754.0,0.0
-298.2,-0.006508,9.95e-05,0.00943,0.6675,0.2015,0.6636,0.64,19.81,6.37,3754.0,3754.0,3754.0,3754.0,3754.0,3754.0,3754.0,3754.0,3754.0,3754.0,3754.0,3754.0,3754.0,3754.0,3754.0,3754.0,3754.0,3754.0,3754.0,3754.0,3754.0,3754.0,3754.0,3754.0,3754.0,3754.0,3754.0,3754.0,3754.0,3754.0,3754.0,3754.0,3754.0,3754.0,3754.0,3754.0,3754.0,3754.0,3754.0,3754.0,3754.0,3754.0,3754.0,3754.0,3754.0,3754.0,3754.0,3754.0,3754.0,3754.0,3754.0,3754.0,3754.0,3754.0,3754.0,3754.0,3754.0,3754.0,0.0
-298.2,-0.006443,9.316e-05,0.003248,0.6724,0.2119,0.673,0.632,19.5,6.703,3754.0,3754.0,3754.0,3754.0,3754.0,3754.0,3754.0,3754.0,3754.0,3754.0,3754.0,3754.0,3754.0,3754.0,3754.0,3754.0,3754.0,3754.0,3754.0,3754.0,3754.0,3754.0,3754.0,3754.0,3754.0,3754.0,3754.0,3754.0,3754.0,3754.0,3754.0,3754.0,3754.0,3754.0,3754.0,3754.0,3754.0,3754.0,3754.0,3754.0,3754.0,3754.0,3754.0,3754.0,3754.0,3754.0,3754.0,3754.0,3754.0,3754.0,3754.0,3754.0,3754.0,3754.0,3754.0,3754.0,3754.0,3754.0,0.0
-298.2,-0.006237,9.024e-05,0.001028,0.681,0.2029,0.681,0.635,18.47,6.625,3754.0,3754.0,3754.0,3754.0,3754.0,3754.0,3754.0,3754.0,3754.0,3754.0,3754.0,3754.0,3754.0,3754.0,3754.0,3754.0,3754.0,3754.0,3754.0,3754.0,3754.0,3754.0,3754.0,3754.0,3754.0,3754.0,3754.0,3754.0,3754.0,3754.0,3754.0,3754.0,3754.0,3754.0,3754.0,3754.0,3754.0,3754.0,3754.0,3754.0,3754.0,3754.0,3754.0,3754.0,3754.0,3754.0,3754.0,3754.0,3754.0,3754.0,3754.0,3754.0,3754.0,3754.0,3754.0,3754.0,3754.0,3754.0,0.0
-298.2,-0.00616,0.0001156,0.000701,0.6934,0.1833,0.6895,0.6357,18.17,6.72,3754.0,3754.0,3754.0,3754.0,3754.0,3754.0,3754.0,3754.0,3754.0,3754.0,3754.0,3754.0,3754.0,3754.0,3754.0,3754.0,3754.0,3754.0,3754.0,3754.0,3754.0,3754.0,3754.0,3754.0,3754.0,3754.0,3754.0,3754.0,3754.0,3754.0,3754.0,3754.0,3754.0,3754.0,3754.0,3754.0,3754.0,3754.0,3754.0,3754.0,3754.0,3754.0,3754.0,3754.0,3754.0,3754.0,3754.0,3754.0,3754.0,3754.0,3754.0,3754.0,3754.0,3754.0,3754.0,3754.0,3754.0,3754.0,0.0
-298.2,-0.006577,0.00010675,0.01348,0.6875,0.1908,0.687,0.6313,18.67,7.875,3754.0,3754.0,3754.0,3754.0,3754.0,3754.0,3754.0,3754.0,3754.0,3754.0,3754.0,3754.0,3754.0,3754.0,3754.0,3754.0,3754.0,3754.0,3754.0,3754.0,3754.0,3754.0,3754.0,3754.0,3754.0,3754.0,3754.0,3754.0,3754.0,3754.0,3754.0,3754.0,3754.0,3754.0,3754.0,3754.0,3754.0,3754.0,3754.0,3754.0,3754.0,3754.0,3754.0,3754.0,3754.0,3754.0,3754.0,3754.0,3754.0,3754.0,3754.0,3754.0,3754.0,3754.0,3754.0,3754.0,3754.0,3754.0,0.0
-298.2,-0.006687,0.0001153,0.014366,0.695,0.1837,0.684,0.6274,17.2,7.83,3754.0,3754.0,3754.0,3754.0,3754.0,3754.0,3754.0,3754.0,3754.0,3754.0,3754.0,3754.0,3754.0,3754.0,3754.0,3754.0,3754.0,3754.0,3754.0,3754.0,3754.0,3754.0,3754.0,3754.0,3754.0,3754.0,3754.0,3754.0,3754.0,3754.0,3754.0,3754.0,3754.0,3754.0,3754.0,3754.0,3754.0,3754.0,3754.0,3754.0,3754.0,3754.0,3754.0,3754.0,3754.0,3754.0,3754.0,3754.0,3754.0,3754.0,3754.0,3754.0,3754.0,3754.0,3754.0,3754.0,3754.0,3754.0,0.0
-298.2,-0.006634,7.147e-05,0.01752,0.692,0.1809,0.6885,0.6255,17.42,5.805,3754.0,3754.0,3754.0,3754.0,3754.0,3754.0,3754.0,3754.0,3754.0,3754.0,3754.0,3754.0,3754.0,3754.0,3754.0,3754.0,3754.0,3754.0,3754.0,3754.0,3754.0,3754.0,3754.0,3754.0,3754.0,3754.0,3754.0,3754.0,3754.0,3754.0,3754.0,3754.0,3754.0,3754.0,3754.0,3754.0,3754.0,3754.0,3754.0,3754.0,3754.0,3754.0,3754.0,3754.0,3754.0,3754.0,3754.0,3754.0,3754.0,3754.0,3754.0,3754.0,3754.0,3754.0,3754.0,3754.0,3754.0,3754.0,0.0
-298.2,-0.00658,7.02e-05,0.000529,0.692,0.1814,0.713,0.6235,17.72,5.77,3754.0,3754.0,3754.0,3754.0,3754.0,3754.0,3754.0,3754.0,3754.0,3754.0,3754.0,3754.0,3754.0,3754.0,3754.0,3754.0,3754.0,3754.0,3754.0,3754.0,3754.0,3754.0,3754.0,3754.0,3754.0,3754.0,3754.0,3754.0,3754.0,3754.0,3754.0,3754.0,3754.0,3754.0,3754.0,3754.0,3754.0,3754.0,3754.0,3754.0,3754.0,3754.0,3754.0,3754.0,3754.0,3754.0,3754.0,3754.0,3754.0,3754.0,3754.0,3754.0,3754.0,3754.0,3754.0,3754.0,3754.0,3754.0,0.0
-298.2,-0.006824,8.285e-05,0.0105,0.6855,0.1892,0.705,0.6377,19.12,7.164,3754.0,3754.0,3754.0,3754.0,3754.0,3754.0,3754.0,3754.0,3754.0,3754.0,3754.0,3754.0,3754.0,3754.0,3754.0,3754.0,3754.0,3754.0,3754.0,3754.0,3754.0,3754.0,3754.0,3754.0,3754.0,3754.0,3754.0,3754.0,3754.0,3754.0,3754.0,3754.0,3754.0,3754.0,3754.0,3754.0,3754.0,3754.0,3754.0,3754.0,3754.0,3754.0,3754.0,3754.0,3754.0,3754.0,3754.0,3754.0,3754.0,3754.0,3754.0,3754.0,3754.0,3754.0,3754.0,3754.0,3754.0,3754.0,0.0
-298.2,-0.006966,7.355e-05,0.011406,0.6816,0.1863,0.7056,0.627,19.6,6.242,3754.0,3754.0,3754.0,3754.0,3754.0,3754.0,3754.0,3754.0,3754.0,3754.0,3754.0,3754.0,3754.0,3754.0,3754.0,3754.0,3754.0,3754.0,3754.0,3754.0,3754.0,3754.0,3754.0,3754.0,3754.0,3754.0,3754.0,3754.0,3754.0,3754.0,3754.0,3754.0,3754.0,3754.0,3754.0,3754.0,3754.0,3754.0,3754.0,3754.0,3754.0,3754.0,3754.0,3754.0,3754.0,3754.0,3754.0,3754.0,3754.0,3754.0,3754.0,3754.0,3754.0,3754.0,3754.0,3754.0,3754.0,3754.0,0.0
-298.2,-0.00664,6.71e-05,0.003325,0.6787,0.1919,0.7163,0.6323,20.97,7.215,3754.0,3754.0,3754.0,3754.0,3754.0,3754.0,3754.0,3754.0,3754.0,3754.0,3754.0,3754.0,3754.0,3754.0,3754.0,3754.0,3754.0,3754.0,3754.0,3754.0,3754.0,3754.0,3754.0,3754.0,3754.0,3754.0,3754.0,3754.0,3754.0,3754.0,3754.0,3754.0,3754.0,3754.0,3754.0,3754.0,3754.0,3754.0,3754.0,3754.0,3754.0,3754.0,3754.0,3754.0,3754.0,3754.0,3754.0,3754.0,3754.0,3754.0,3754.0,3754.0,3754.0,3754.0,3754.0,3754.0,3754.0,3754.0,0.0
-298.2,-0.006588,8e-05,0.0085,0.6685,0.1971,0.719,0.635,21.31,6.535,3754.0,3754.0,3754.0,3754.0,3754.0,3754.0,3754.0,3754.0,3754.0,3754.0,3754.0,3754.0,3754.0,3754.0,3754.0,3754.0,3754.0,3754.0,3754.0,3754.0,3754.0,3754.0,3754.0,3754.0,3754.0,3754.0,3754.0,3754.0,3754.0,3754.0,3754.0,3754.0,3754.0,3754.0,3754.0,3754.0,3754.0,3754.0,3754.0,3754.0,3754.0,3754.0,3754.0,3754.0,3754.0,3754.0,3754.0,3754.0,3754.0,3754.0,3754.0,3754.0,3754.0,3754.0,3754.0,3754.0,3754.0,3754.0,0.0
-298.2,-0.00654,8.374e-05,0.01624,0.67,0.1849,0.7295,0.648,22.05,5.582,3754.0,3754.0,3754.0,3754.0,3754.0,3754.0,3754.0,3754.0,3754.0,3754.0,3754.0,3754.0,3754.0,3754.0,3754.0,3754.0,3754.0,3754.0,3754.0,3754.0,3754.0,3754.0,3754.0,3754.0,3754.0,3754.0,3754.0,3754.0,3754.0,3754.0,3754.0,3754.0,3754.0,3754.0,3754.0,3754.0,3754.0,3754.0,3754.0,3754.0,3754.0,3754.0,3754.0,3754.0,3754.0,3754.0,3754.0,3754.0,3754.0,3754.0,3754.0,3754.0,3754.0,3754.0,3754.0,3754.0,3754.0,3754.0,0.0
-298.2,-0.006294,7.02e-05,0.02502,0.6733,0.1931,0.7485,0.6455,21.3,4.69,3754.0,3754.0,3754.0,3754.0,3754.0,3754.0,3754.0,3754.0,3754.0,3754.0,3754.0,3754.0,3754.0,3754.0,3754.0,3754.0,3754.0,3754.0,3754.0,3754.0,3754.0,3754.0,3754.0,3754.0,3754.0,3754.0,3754.0,3754.0,3754.0,3754.0,3754.0,3754.0,3754.0,3754.0,3754.0,3754.0,3754.0,3754.0,3754.0,3754.0,3754.0,3754.0,3754.0,3754.0,3754.0,3754.0,3754.0,3754.0,3754.0,3754.0,3754.0,3754.0,3754.0,3754.0,3754.0,3754.0,3754.0,3754.0,0.0
-298.2,-0.006466,8.47e-05,0.02284,0.6826,0.1985,0.776,0.6465,19.89,4.656,3754.0,3754.0,3754.0,3754.0,3754.0,3754.0,3754.0,3754.0,3754.0,3754.0,3754.0,3754.0,3754.0,3754.0,3754.0,3754.0,3754.0,3754.0,3754.0,3754.0,3754.0,3754.0,3754.0,3754.0,3754.0,3754.0,3754.0,3754.0,3754.0,3754.0,3754.0,3754.0,3754.0,3754.0,3754.0,3754.0,3754.0,3754.0,3754.0,3754.0,3754.0,3754.0,3754.0,3754.0,3754.0,3754.0,3754.0,3754.0,3754.0,3754.0,3754.0,3754.0,3754.0,3754.0,3754.0,3754.0,3754.0,3754.0,0.0
-298.2,-0.00669,9.27e-05,0.0208,0.688,0.2032,0.7754,0.638,18.38,4.21,3754.0,3754.0,3754.0,3754.0,3754.0,3754.0,3754.0,3754.0,3754.0,3754.0,3754.0,3754.0,3754.0,3754.0,3754.0,3754.0,3754.0,3754.0,3754.0,3754.0,3754.0,3754.0,3754.0,3754.0,3754.0,3754.0,3754.0,3754.0,3754.0,3754.0,3754.0,3754.0,3754.0,3754.0,3754.0,3754.0,3754.0,3754.0,3754.0,3754.0,3754.0,3754.0,3754.0,3754.0,3754.0,3754.0,3754.0,3754.0,3754.0,3754.0,3754.0,3754.0,3754.0,3754.0,3754.0,3754.0,3754.0,3754.0,0.0
-298.2,-0.00651,0.00010437,0.02165,0.6934,0.221,0.7773,0.63,19.42,4.26,3754.0,3754.0,3754.0,3754.0,3754.0,3754.0,3754.0,3754.0,3754.0,3754.0,3754.0,3754.0,3754.0,3754.0,3754.0,3754.0,3754.0,3754.0,3754.0,3754.0,3754.0,3754.0,3754.0,3754.0,3754.0,3754.0,3754.0,3754.0,3754.0,3754.0,3754.0,3754.0,3754.0,3754.0,3754.0,3754.0,3754.0,3754.0,3754.0,3754.0,3754.0,3754.0,3754.0,3754.0,3754.0,3754.0,3754.0,3754.0,3754.0,3754.0,3754.0,3754.0,3754.0,3754.0,3754.0,3754.0,3754.0,3754.0,0.0
-298.2,-0.006283,0.0001218,0.00907,0.686,0.2261,0.7827,0.6353,22.72,4.832,3754.0,3754.0,3754.0,3754.0,3754.0,3754.0,3754.0,3754.0,3754.0,3754.0,3754.0,3754.0,3754.0,3754.0,3754.0,3754.0,3754.0,3754.0,3754.0,3754.0,3754.0,3754.0,3754.0,3754.0,3754.0,3754.0,3754.0,3754.0,3754.0,3754.0,3754.0,3754.0,3754.0,3754.0,3754.0,3754.0,3754.0,3754.0,3754.0,3754.0,3754.0,3754.0,3754.0,3754.0,3754.0,3754.0,3754.0,3754.0,3754.0,3754.0,3754.0,3754.0,3754.0,3754.0,3754.0,3754.0,3754.0,3754.0,0.0
-298.2,-0.006046,0.0001256,0.01068,0.677,0.211,0.784,0.6265,22.67,4.3,3754.0,3754.0,3754.0,3754.0,3754.0,3754.0,3754.0,3754.0,3754.0,3754.0,3754.0,3754.0,3754.0,3754.0,3754.0,3754.0,3754.0,3754.0,3754.0,3754.0,3754.0,3754.0,3754.0,3754.0,3754.0,3754.0,3754.0,3754.0,3754.0,3754.0,3754.0,3754.0,3754.0,3754.0,3754.0,3754.0,3754.0,3754.0,3754.0,3754.0,3754.0,3754.0,3754.0,3754.0,3754.0,3754.0,3754.0,3754.0,3754.0,3754.0,3754.0,3754.0,3754.0,3754.0,3754.0,3754.0,3754.0,3754.0,0.0
-298.2,-0.0059,9.9e-05,0.00637,0.6855,0.2117,0.7734,0.619,22.64,3.568,3754.0,3754.0,3754.0,3754.0,3754.0,3754.0,3754.0,3754.0,3754.0,3754.0,3754.0,3754.0,3754.0,3754.0,3754.0,3754.0,3754.0,3754.0,3754.0,3754.0,3754.0,3754.0,3754.0,3754.0,3754.0,3754.0,3754.0,3754.0,3754.0,3754.0,3754.0,3754.0,3754.0,3754.0,3754.0,3754.0,3754.0,3754.0,3754.0,3754.0,3754.0,3754.0,3754.0,3754.0,3754.0,3754.0,3754.0,3754.0,3754.0,3754.0,3754.0,3754.0,3754.0,3754.0,3754.0,3754.0,3754.0,3754.0,0.0
-298.2,-0.005856,0.0001384,0.0232,0.696,0.22,0.774,0.6235,22.31,3.08,3754.0,3754.0,3754.0,3754.0,3754.0,3754.0,3754.0,3754.0,3754.0,3754.0,3754.0,3754.0,3754.0,3754.0,3754.0,3754.0,3754.0,3754.0,3754.0,3754.0,3754.0,3754.0,3754.0,3754.0,3754.0,3754.0,3754.0,3754.0,3754.0,3754.0,3754.0,3754.0,3754.0,3754.0,3754.0,3754.0,3754.0,3754.0,3754.0,3754.0,3754.0,3754.0,3754.0,3754.0,3754.0,3754.0,3754.0,3754.0,3754.0,3754.0,3754.0,3754.0,3754.0,3754.0,3754.0,3754.0,3754.0,3754.0,0.0
-298.2,-0.006023,0.0001365,0.02782,0.6973,0.208,0.7705,0.619,21.66,4.844,3754.0,3754.0,3754.0,3754.0,3754.0,3754.0,3754.0,3754.0,3754.0,3754.0,3754.0,3754.0,3754.0,3754.0,3754.0,3754.0,3754.0,3754.0,3754.0,3754.0,3754.0,3754.0,3754.0,3754.0,3754.0,3754.0,3754.0,3754.0,3754.0,3754.0,3754.0,3754.0,3754.0,3754.0,3754.0,3754.0,3754.0,3754.0,3754.0,3754.0,3754.0,3754.0,3754.0,3754.0,3754.0,3754.0,3754.0,3754.0,3754.0,3754.0,3754.0,3754.0,3754.0,3754.0,3754.0,3754.0,3754.0,3754.0,0.0
-298.2,-0.005936,0.0001427,0.04288,0.687,0.2264,0.763,0.6064,21.42,6.72,3754.0,3754.0,3754.0,3754.0,3754.0,3754.0,3754.0,3754.0,3754.0,3754.0,3754.0,3754.0,3754.0,3754.0,3754.0,3754.0,3754.0,3754.0,3754.0,3754.0,3754.0,3754.0,3754.0,3754.0,3754.0,3754.0,3754.0,3754.0,3754.0,3754.0,3754.0,3754.0,3754.0,3754.0,3754.0,3754.0,3754.0,3754.0,3754.0,3754.0,3754.0,3754.0,3754.0,3754.0,3754.0,3754.0,3754.0,3754.0,3754.0,3754.0,3754.0,3754.0,3754.0,3754.0,3754.0,3754.0,3754.0,3754.0,0.0
-298.2,-0.00662,0.0001259,0.0406,0.6772,0.2427,0.7485,0.602,21.55,7.84,3754.0,3754.0,3754.0,3754.0,3754.0,3754.0,3754.0,3754.0,3754.0,3754.0,3754.0,3754.0,3754.0,3754.0,3754.0,3754.0,3754.0,3754.0,3754.0,3754.0,3754.0,3754.0,3754.0,3754.0,3754.0,3754.0,3754.0,3754.0,3754.0,3754.0,3754.0,3754.0,3754.0,3754.0,3754.0,3754.0,3754.0,3754.0,3754.0,3754.0,3754.0,3754.0,3754.0,3754.0,3754.0,3754.0,3754.0,3754.0,3754.0,3754.0,3754.0,3754.0,3754.0,3754.0,3754.0,3754.0,3754.0,3754.0,0.0
-298.2,-0.00692,0.0001326,0.0489,0.676,0.2433,0.7554,0.603,19.66,6.88,3754.0,3754.0,3754.0,3754.0,3754.0,3754.0,3754.0,3754.0,3754.0,3754.0,3754.0,3754.0,3754.0,3754.0,3754.0,3754.0,3754.0,3754.0,3754.0,3754.0,3754.0,3754.0,3754.0,3754.0,3754.0,3754.0,3754.0,3754.0,3754.0,3754.0,3754.0,3754.0,3754.0,3754.0,3754.0,3754.0,3754.0,3754.0,3754.0,3754.0,3754.0,3754.0,3754.0,3754.0,3754.0,3754.0,3754.0,3754.0,3754.0,3754.0,3754.0,3754.0,3754.0,3754.0,3754.0,3754.0,3754.0,3754.0,0.0
-298.2,-0.00647,0.0001003,0.04752,0.68,0.2461,0.749,0.601,19.16,6.29,3754.0,3754.0,3754.0,3754.0,3754.0,3754.0,3754.0,3754.0,3754.0,3754.0,3754.0,3754.0,3754.0,3754.0,3754.0,3754.0,3754.0,3754.0,3754.0,3754.0,3754.0,3754.0,3754.0,3754.0,3754.0,3754.0,3754.0,3754.0,3754.0,3754.0,3754.0,3754.0,3754.0,3754.0,3754.0,3754.0,3754.0,3754.0,3754.0,3754.0,3754.0,3754.0,3754.0,3754.0,3754.0,3754.0,3754.0,3754.0,3754.0,3754.0,3754.0,3754.0,3754.0,3754.0,3754.0,3754.0,3754.0,3754.0,0.0
-298.2,-0.006294,0.00011605,0.06076,0.683,0.252,0.7427,0.61,19.72,5.58,3754.0,3754.0,3754.0,3754.0,3754.0,3754.0,3754.0,3754.0,3754.0,3754.0,3754.0,3754.0,3754.0,3754.0,3754.0,3754.0,3754.0,3754.0,3754.0,3754.0,3754.0,3754.0,3754.0,3754.0,3754.0,3754.0,3754.0,3754.0,3754.0,3754.0,3754.0,3754.0,3754.0,3754.0,3754.0,3754.0,3754.0,3754.0,3754.0,3754.0,3754.0,3754.0,3754.0,3754.0,3754.0,3754.0,3754.0,3754.0,3754.0,3754.0,3754.0,3754.0,3754.0,3754.0,3754.0,3754.0,3754.0,3754.0,0.0
-298.2,-0.006298,0.00011796,0.07245,0.678,0.2573,0.7407,0.6074,20.81,6.402,3754.0,3754.0,3754.0,3754.0,3754.0,3754.0,3754.0,3754.0,3754.0,3754.0,3754.0,3754.0,3754.0,3754.0,3754.0,3754.0,3754.0,3754.0,3754.0,3754.0,3754.0,3754.0,3754.0,3754.0,3754.0,3754.0,3754.0,3754.0,3754.0,3754.0,3754.0,3754.0,3754.0,3754.0,3754.0,3754.0,3754.0,3754.0,3754.0,3754.0,3754.0,3754.0,3754.0,3754.0,3754.0,3754.0,3754.0,3754.0,3754.0,3754.0,3754.0,3754.0,3754.0,3754.0,3754.0,3754.0,3754.0,3754.0,0.0
-298.2,-0.006126,0.00011814,0.08093,0.6743,0.2668,0.7383,0.616,20.55,5.79,3754.0,3754.0,3754.0,3754.0,3754.0,3754.0,3754.0,3754.0,3754.0,3754.0,3754.0,3754.0,3754.0,3754.0,3754.0,3754.0,3754.0,3754.0,3754.0,3754.0,3754.0,3754.0,3754.0,3754.0,3754.0,3754.0,3754.0,3754.0,3754.0,3754.0,3754.0,3754.0,3754.0,3754.0,3754.0,3754.0,3754.0,3754.0,3754.0,3754.0,3754.0,3754.0,3754.0,3754.0,3754.0,3754.0,3754.0,3754.0,3754.0,3754.0,3754.0,3754.0,3754.0,3754.0,3754.0,3754.0,3754.0,3754.0,0.0
-298.2,-0.006107,0.000128,0.0735,0.6904,0.2568,0.726,0.628,21.33,6.414,3754.0,3754.0,3754.0,3754.0,3754.0,3754.0,3754.0,3754.0,3754.0,3754.0,3754.0,3754.0,3754.0,3754.0,3754.0,3754.0,3754.0,3754.0,3754.0,3754.0,3754.0,3754.0,3754.0,3754.0,3754.0,3754.0,3754.0,3754.0,3754.0,3754.0,3754.0,3754.0,3754.0,3754.0,3754.0,3754.0,3754.0,3754.0,3754.0,3754.0,3754.0,3754.0,3754.0,3754.0,3754.0,3754.0,3754.0,3754.0,3754.0,3754.0,3754.0,3754.0,3754.0,3754.0,3754.0,3754.0,3754.0,3754.0,0.0
-298.2,-0.005974,0.00011647,0.07336,0.6743,0.2747,0.723,0.6357,21.95,7.773,3754.0,3754.0,3754.0,3754.0,3754.0,3754.0,3754.0,3754.0,3754.0,3754.0,3754.0,3754.0,3754.0,3754.0,3754.0,3754.0,3754.0,3754.0,3754.0,3754.0,3754.0,3754.0,3754.0,3754.0,3754.0,3754.0,3754.0,3754.0,3754.0,3754.0,3754.0,3754.0,3754.0,3754.0,3754.0,3754.0,3754.0,3754.0,3754.0,3754.0,3754.0,3754.0,3754.0,3754.0,3754.0,3754.0,3754.0,3754.0,3754.0,3754.0,3754.0,3754.0,3754.0,3754.0,3754.0,3754.0,3754.0,3754.0,0.0
-298.2,-0.00592,0.00010806,0.0691,0.6763,0.26,0.709,0.6284,21.73,7.918,3754.0,3754.0,3754.0,3754.0,3754.0,3754.0,3754.0,3754.0,3754.0,3754.0,3754.0,3754.0,3754.0,3754.0,3754.0,3754.0,3754.0,3754.0,3754.0,3754.0,3754.0,3754.0,3754.0,3754.0,3754.0,3754.0,3754.0,3754.0,3754.0,3754.0,3754.0,3754.0,3754.0,3754.0,3754.0,3754.0,3754.0,3754.0,3754.0,3754.0,3754.0,3754.0,3754.0,3754.0,3754.0,3754.0,3754.0,3754.0,3754.0,3754.0,3754.0,3754.0,3754.0,3754.0,3754.0,3754.0,3754.0,3754.0,0.0
-298.2,-0.00561,0.0001031,0.06903,0.671,0.2595,0.7217,0.636,22.22,7.996,3754.0,3754.0,3754.0,3754.0,3754.0,3754.0,3754.0,3754.0,3754.0,3754.0,3754.0,3754.0,3754.0,3754.0,3754.0,3754.0,3754.0,3754.0,3754.0,3754.0,3754.0,3754.0,3754.0,3754.0,3754.0,3754.0,3754.0,3754.0,3754.0,3754.0,3754.0,3754.0,3754.0,3754.0,3754.0,3754.0,3754.0,3754.0,3754.0,3754.0,3754.0,3754.0,3754.0,3754.0,3754.0,3754.0,3754.0,3754.0,3754.0,3754.0,3754.0,3754.0,3754.0,3754.0,3754.0,3754.0,3754.0,3754.0,0.0
-298.2,-0.005466,9.65e-05,0.0711,0.671,0.2605,0.714,0.6367,22.72,6.555,3754.0,3754.0,3754.0,3754.0,3754.0,3754.0,3754.0,3754.0,3754.0,3754.0,3754.0,3754.0,3754.0,3754.0,3754.0,3754.0,3754.0,3754.0,3754.0,3754.0,3754.0,3754.0,3754.0,3754.0,3754.0,3754.0,3754.0,3754.0,3754.0,3754.0,3754.0,3754.0,3754.0,3754.0,3754.0,3754.0,3754.0,3754.0,3754.0,3754.0,3754.0,3754.0,3754.0,3754.0,3754.0,3754.0,3754.0,3754.0,3754.0,3754.0,3754.0,3754.0,3754.0,3754.0,3754.0,3754.0,3754.0,3754.0,0.0
-298.2,-0.005264,0.0001163,0.08765,0.67,0.2703,0.699,0.6445,22.56,5.2,3754.0,3754.0,3754.0,3754.0,3754.0,3754.0,3754.0,3754.0,3754.0,3754.0,3754.0,3754.0,3754.0,3754.0,3754.0,3754.0,3754.0,3754.0,3754.0,3754.0,3754.0,3754.0,3754.0,3754.0,3754.0,3754.0,3754.0,3754.0,3754.0,3754.0,3754.0,3754.0,3754.0,3754.0,3754.0,3754.0,3754.0,3754.0,3754.0,3754.0,3754.0,3754.0,3754.0,3754.0,3754.0,3754.0,3754.0,3754.0,3754.0,3754.0,3754.0,3754.0,3754.0,3754.0,3754.0,3754.0,3754.0,3754.0,0.0
-298.2,-0.005424,0.0001188,0.09076,0.6846,0.2798,0.694,0.6353,22.94,3.879,3754.0,3754.0,3754.0,3754.0,3754.0,3754.0,3754.0,3754.0,3754.0,3754.0,3754.0,3754.0,3754.0,3754.0,3754.0,3754.0,3754.0,3754.0,3754.0,3754.0,3754.0,3754.0,3754.0,3754.0,3754.0,3754.0,3754.0,3754.0,3754.0,3754.0,3754.0,3754.0,3754.0,3754.0,3754.0,3754.0,3754.0,3754.0,3754.0,3754.0,3754.0,3754.0,3754.0,3754.0,3754.0,3754.0,3754.0,3754.0,3754.0,3754.0,3754.0,3754.0,3754.0,3754.0,3754.0,3754.0,3754.0,3754.0,0.0
-298.2,-0.00504,0.00011754,0.0882,0.687,0.2688,0.6973,0.6343,22.78,4.156,3754.0,3754.0,3754.0,3754.0,3754.0,3754.0,3754.0,3754.0,3754.0,3754.0,3754.0,3754.0,3754.0,3754.0,3754.0,3754.0,3754.0,3754.0,3754.0,3754.0,3754.0,3754.0,3754.0,3754.0,3754.0,3754.0,3754.0,3754.0,3754.0,3754.0,3754.0,3754.0,3754.0,3754.0,3754.0,3754.0,3754.0,3754.0,3754.0,3754.0,3754.0,3754.0,3754.0,3754.0,3754.0,3754.0,3754.0,3754.0,3754.0,3754.0,3754.0,3754.0,3754.0,3754.0,3754.0,3754.0,3754.0,3754.0,0.0
-298.2,-0.005375,0.00010765,0.08826,0.6875,0.2644,0.703,0.624,22.64,4.277,3754.0,3754.0,3754.0,3754.0,3754.0,3754.0,3754.0,3754.0,3754.0,3754.0,3754.0,3754.0,3754.0,3754.0,3754.0,3754.0,3754.0,3754.0,3754.0,3754.0,3754.0,3754.0,3754.0,3754.0,3754.0,3754.0,3754.0,3754.0,3754.0,3754.0,3754.0,3754.0,3754.0,3754.0,3754.0,3754.0,3754.0,3754.0,3754.0,3754.0,3754.0,3754.0,3754.0,3754.0,3754.0,3754.0,3754.0,3754.0,3754.0,3754.0,3754.0,3754.0,3754.0,3754.0,3754.0,3754.0,3754.0,3754.0,0.0
-298.2,-0.00527,0.0001252,0.09766,0.6807,0.2612,0.7056,0.6445,22.75,5.83,3754.0,3754.0,3754.0,3754.0,3754.0,3754.0,3754.0,3754.0,3754.0,3754.0,3754.0,3754.0,3754.0,3754.0,3754.0,3754.0,3754.0,3754.0,3754.0,3754.0,3754.0,3754.0,3754.0,3754.0,3754.0,3754.0,3754.0,3754.0,3754.0,3754.0,3754.0,3754.0,3754.0,3754.0,3754.0,3754.0,3754.0,3754.0,3754.0,3754.0,3754.0,3754.0,3754.0,3754.0,3754.0,3754.0,3754.0,3754.0,3754.0,3754.0,3754.0,3754.0,3754.0,3754.0,3754.0,3754.0,3754.0,3754.0,0.0
-298.2,-0.005165,0.0001541,0.0954,0.6885,0.2678,0.719,0.635,22.56,6.887,3754.0,3754.0,3754.0,3754.0,3754.0,3754.0,3754.0,3754.0,3754.0,3754.0,3754.0,3754.0,3754.0,3754.0,3754.0,3754.0,3754.0,3754.0,3754.0,3754.0,3754.0,3754.0,3754.0,3754.0,3754.0,3754.0,3754.0,3754.0,3754.0,3754.0,3754.0,3754.0,3754.0,3754.0,3754.0,3754.0,3754.0,3754.0,3754.0,3754.0,3754.0,3754.0,3754.0,3754.0,3754.0,3754.0,3754.0,3754.0,3754.0,3754.0,3754.0,3754.0,3754.0,3754.0,3754.0,3754.0,3754.0,3754.0,0.0
-298.2,-0.005535,0.0001687,0.0942,0.69,0.2461,0.7144,0.648,22.45,7.22,3754.0,3754.0,3754.0,3754.0,3754.0,3754.0,3754.0,3754.0,3754.0,3754.0,3754.0,3754.0,3754.0,3754.0,3754.0,3754.0,3754.0,3754.0,3754.0,3754.0,3754.0,3754.0,3754.0,3754.0,3754.0,3754.0,3754.0,3754.0,3754.0,3754.0,3754.0,3754.0,3754.0,3754.0,3754.0,3754.0,3754.0,3754.0,3754.0,3754.0,3754.0,3754.0,3754.0,3754.0,3754.0,3754.0,3754.0,3754.0,3754.0,3754.0,3754.0,3754.0,3754.0,3754.0,3754.0,3754.0,3754.0,3754.0,0.0
-298.2,-0.005894,0.0001678,0.09766,0.69,0.2255,0.714,0.635,22.88,7.586,3754.0,3754.0,3754.0,3754.0,3754.0,3754.0,3754.0,3754.0,3754.0,3754.0,3754.0,3754.0,3754.0,3754.0,3754.0,3754.0,3754.0,3754.0,3754.0,3754.0,3754.0,3754.0,3754.0,3754.0,3754.0,3754.0,3754.0,3754.0,3754.0,3754.0,3754.0,3754.0,3754.0,3754.0,3754.0,3754.0,3754.0,3754.0,3754.0,3754.0,3754.0,3754.0,3754.0,3754.0,3754.0,3754.0,3754.0,3754.0,3754.0,3754.0,3754.0,3754.0,3754.0,3754.0,3754.0,3754.0,3754.0,3754.0,0.0
-298.2,-0.00609,0.0001599,0.09503,0.6943,0.2222,0.709,0.6304,22.06,7.027,3754.0,3754.0,3754.0,3754.0,3754.0,3754.0,3754.0,3754.0,3754.0,3754.0,3754.0,3754.0,3754.0,3754.0,3754.0,3754.0,3754.0,3754.0,3754.0,3754.0,3754.0,3754.0,3754.0,3754.0,3754.0,3754.0,3754.0,3754.0,3754.0,3754.0,3754.0,3754.0,3754.0,3754.0,3754.0,3754.0,3754.0,3754.0,3754.0,3754.0,3754.0,3754.0,3754.0,3754.0,3754.0,3754.0,3754.0,3754.0,3754.0,3754.0,3754.0,3754.0,3754.0,3754.0,3754.0,3754.0,3754.0,3754.0,0.0
-298.2,-0.00611,0.0001428,0.08997,0.6846,0.2418,0.7095,0.623,22.27,6.914,3754.0,3754.0,3754.0,3754.0,3754.0,3754.0,3754.0,3754.0,3754.0,3754.0,3754.0,3754.0,3754.0,3754.0,3754.0,3754.0,3754.0,3754.0,3754.0,3754.0,3754.0,3754.0,3754.0,3754.0,3754.0,3754.0,3754.0,3754.0,3754.0,3754.0,3754.0,3754.0,3754.0,3754.0,3754.0,3754.0,3754.0,3754.0,3754.0,3754.0,3754.0,3754.0,3754.0,3754.0,3754.0,3754.0,3754.0,3754.0,3754.0,3754.0,3754.0,3754.0,3754.0,3754.0,3754.0,3754.0,3754.0,3754.0,0.0
-298.2,-0.006157,0.0001307,0.0952,0.6807,0.2296,0.7334,0.62,21.64,4.723,3754.0,3754.0,3754.0,3754.0,3754.0,3754.0,3754.0,3754.0,3754.0,3754.0,3754.0,3754.0,3754.0,3754.0,3754.0,3754.0,3754.0,3754.0,3754.0,3754.0,3754.0,3754.0,3754.0,3754.0,3754.0,3754.0,3754.0,3754.0,3754.0,3754.0,3754.0,3754.0,3754.0,3754.0,3754.0,3754.0,3754.0,3754.0,3754.0,3754.0,3754.0,3754.0,3754.0,3754.0,3754.0,3754.0,3754.0,3754.0,3754.0,3754.0,3754.0,3754.0,3754.0,3754.0,3754.0,3754.0,3754.0,3754.0,0.0
-298.2,-0.00604,0.0001358,0.07666,0.6895,0.2283,0.7236,0.604,21.84,3.965,3754.0,3754.0,3754.0,3754.0,3754.0,3754.0,3754.0,3754.0,3754.0,3754.0,3754.0,3754.0,3754.0,3754.0,3754.0,3754.0,3754.0,3754.0,3754.0,3754.0,3754.0,3754.0,3754.0,3754.0,3754.0,3754.0,3754.0,3754.0,3754.0,3754.0,3754.0,3754.0,3754.0,3754.0,3754.0,3754.0,3754.0,3754.0,3754.0,3754.0,3754.0,3754.0,3754.0,3754.0,3754.0,3754.0,3754.0,3754.0,3754.0,3754.0,3754.0,3754.0,3754.0,3754.0,3754.0,3754.0,3754.0,3754.0,0.0
-298.2,-0.006336,0.00011826,0.0707,0.683,0.2249,0.726,0.6133,22.9,4.617,3754.0,3754.0,3754.0,3754.0,3754.0,3754.0,3754.0,3754.0,3754.0,3754.0,3754.0,3754.0,3754.0,3754.0,3754.0,3754.0,3754.0,3754.0,3754.0,3754.0,3754.0,3754.0,3754.0,3754.0,3754.0,3754.0,3754.0,3754.0,3754.0,3754.0,3754.0,3754.0,3754.0,3754.0,3754.0,3754.0,3754.0,3754.0,3754.0,3754.0,3754.0,3754.0,3754.0,3754.0,3754.0,3754.0,3754.0,3754.0,3754.0,3754.0,3754.0,3754.0,3754.0,3754.0,3754.0,3754.0,3754.0,3754.0,0.0
-298.2,-0.00632,0.000104,0.0846,0.6875,0.2145,0.724,0.6045,21.52,5.543,3754.0,3754.0,3754.0,3754.0,3754.0,3754.0,3754.0,3754.0,3754.0,3754.0,3754.0,3754.0,3754.0,3754.0,3754.0,3754.0,3754.0,3754.0,3754.0,3754.0,3754.0,3754.0,3754.0,3754.0,3754.0,3754.0,3754.0,3754.0,3754.0,3754.0,3754.0,3754.0,3754.0,3754.0,3754.0,3754.0,3754.0,3754.0,3754.0,3754.0,3754.0,3754.0,3754.0,3754.0,3754.0,3754.0,3754.0,3754.0,3754.0,3754.0,3754.0,3754.0,3754.0,3754.0,3754.0,3754.0,3754.0,3754.0,0.0
-298.2,-0.00592,0.0001045,0.08575,0.6846,0.212,0.719,0.598,21.14,5.133,3754.0,3754.0,3754.0,3754.0,3754.0,3754.0,3754.0,3754.0,3754.0,3754.0,3754.0,3754.0,3754.0,3754.0,3754.0,3754.0,3754.0,3754.0,3754.0,3754.0,3754.0,3754.0,3754.0,3754.0,3754.0,3754.0,3754.0,3754.0,3754.0,3754.0,3754.0,3754.0,3754.0,3754.0,3754.0,3754.0,3754.0,3754.0,3754.0,3754.0,3754.0,3754.0,3754.0,3754.0,3754.0,3754.0,3754.0,3754.0,3754.0,3754.0,3754.0,3754.0,3754.0,3754.0,3754.0,3754.0,3754.0,3754.0,0.0
-298.2,-0.00591,9.08e-05,0.0882,0.684,0.2096,0.7104,0.5923,21.89,5.633,3754.0,3754.0,3754.0,3754.0,3754.0,3754.0,3754.0,3754.0,3754.0,3754.0,3754.0,3754.0,3754.0,3754.0,3754.0,3754.0,3754.0,3754.0,3754.0,3754.0,3754.0,3754.0,3754.0,3754.0,3754.0,3754.0,3754.0,3754.0,3754.0,3754.0,3754.0,3754.0,3754.0,3754.0,3754.0,3754.0,3754.0,3754.0,3754.0,3754.0,3754.0,3754.0,3754.0,3754.0,3754.0,3754.0,3754.0,3754.0,3754.0,3754.0,3754.0,3754.0,3754.0,3754.0,3754.0,3754.0,3754.0,3754.0,0.0
-298.2,-0.006115,0.0001245,0.097,0.6914,0.202,0.7046,0.5825,22.17,3.129,3754.0,3754.0,3754.0,3754.0,3754.0,3754.0,3754.0,3754.0,3754.0,3754.0,3754.0,3754.0,3754.0,3754.0,3754.0,3754.0,3754.0,3754.0,3754.0,3754.0,3754.0,3754.0,3754.0,3754.0,3754.0,3754.0,3754.0,3754.0,3754.0,3754.0,3754.0,3754.0,3754.0,3754.0,3754.0,3754.0,3754.0,3754.0,3754.0,3754.0,3754.0,3754.0,3754.0,3754.0,3754.0,3754.0,3754.0,3754.0,3754.0,3754.0,3754.0,3754.0,3754.0,3754.0,3754.0,3754.0,3754.0,3754.0,0.0
-298.2,-0.006058,0.00010955,0.09717,0.6787,0.2014,0.6924,0.5757,22.22,3.752,3754.0,3754.0,3754.0,3754.0,3754.0,3754.0,3754.0,3754.0,3754.0,3754.0,3754.0,3754.0,3754.0,3754.0,3754.0,3754.0,3754.0,3754.0,3754.0,3754.0,3754.0,3754.0,3754.0,3754.0,3754.0,3754.0,3754.0,3754.0,3754.0,3754.0,3754.0,3754.0,3754.0,3754.0,3754.0,3754.0,3754.0,3754.0,3754.0,3754.0,3754.0,3754.0,3754.0,3754.0,3754.0,3754.0,3754.0,3754.0,3754.0,3754.0,3754.0,3754.0,3754.0,3754.0,3754.0,3754.0,3754.0,3754.0,0.0
-298.2,-0.00614,9.966e-05,0.0959,0.687,0.2091,0.6855,0.6,20.45,3.3,3754.0,3754.0,3754.0,3754.0,3754.0,3754.0,3754.0,3754.0,3754.0,3754.0,3754.0,3754.0,3754.0,3754.0,3754.0,3754.0,3754.0,3754.0,3754.0,3754.0,3754.0,3754.0,3754.0,3754.0,3754.0,3754.0,3754.0,3754.0,3754.0,3754.0,3754.0,3754.0,3754.0,3754.0,3754.0,3754.0,3754.0,3754.0,3754.0,3754.0,3754.0,3754.0,3754.0,3754.0,3754.0,3754.0,3754.0,3754.0,3754.0,3754.0,3754.0,3754.0,3754.0,3754.0,3754.0,3754.0,3754.0,3754.0,0.0
-298.2,-0.00606,8.965e-05,0.0967,0.686,0.2207,0.688,0.6035,20.03,3.207,3754.0,3754.0,3754.0,3754.0,3754.0,3754.0,3754.0,3754.0,3754.0,3754.0,3754.0,3754.0,3754.0,3754.0,3754.0,3754.0,3754.0,3754.0,3754.0,3754.0,3754.0,3754.0,3754.0,3754.0,3754.0,3754.0,3754.0,3754.0,3754.0,3754.0,3754.0,3754.0,3754.0,3754.0,3754.0,3754.0,3754.0,3754.0,3754.0,3754.0,3754.0,3754.0,3754.0,3754.0,3754.0,3754.0,3754.0,3754.0,3754.0,3754.0,3754.0,3754.0,3754.0,3754.0,3754.0,3754.0,3754.0,3754.0,0.0
-298.2,-0.006153,9.865e-05,0.0939,0.6685,0.2244,0.685,0.613,19.78,4.508,3754.0,3754.0,3754.0,3754.0,3754.0,3754.0,3754.0,3754.0,3754.0,3754.0,3754.0,3754.0,3754.0,3754.0,3754.0,3754.0,3754.0,3754.0,3754.0,3754.0,3754.0,3754.0,3754.0,3754.0,3754.0,3754.0,3754.0,3754.0,3754.0,3754.0,3754.0,3754.0,3754.0,3754.0,3754.0,3754.0,3754.0,3754.0,3754.0,3754.0,3754.0,3754.0,3754.0,3754.0,3754.0,3754.0,3754.0,3754.0,3754.0,3754.0,3754.0,3754.0,3754.0,3754.0,3754.0,3754.0,3754.0,3754.0,0.0
-298.2,-0.006546,9.286e-05,0.09406,0.6816,0.2277,0.683,0.621,17.58,4.742,3754.0,3754.0,3754.0,3754.0,3754.0,3754.0,3754.0,3754.0,3754.0,3754.0,3754.0,3754.0,3754.0,3754.0,3754.0,3754.0,3754.0,3754.0,3754.0,3754.0,3754.0,3754.0,3754.0,3754.0,3754.0,3754.0,3754.0,3754.0,3754.0,3754.0,3754.0,3754.0,3754.0,3754.0,3754.0,3754.0,3754.0,3754.0,3754.0,3754.0,3754.0,3754.0,3754.0,3754.0,3754.0,3754.0,3754.0,3754.0,3754.0,3754.0,3754.0,3754.0,3754.0,3754.0,3754.0,3754.0,3754.0,3754.0,0.0
-298.2,-0.006386,9.555e-05,0.09924,0.675,0.2236,0.688,0.634,18.55,4.824,3754.0,3754.0,3754.0,3754.0,3754.0,3754.0,3754.0,3754.0,3754.0,3754.0,3754.0,3754.0,3754.0,3754.0,3754.0,3754.0,3754.0,3754.0,3754.0,3754.0,3754.0,3754.0,3754.0,3754.0,3754.0,3754.0,3754.0,3754.0,3754.0,3754.0,3754.0,3754.0,3754.0,3754.0,3754.0,3754.0,3754.0,3754.0,3754.0,3754.0,3754.0,3754.0,3754.0,3754.0,3754.0,3754.0,3754.0,3754.0,3754.0,3754.0,3754.0,3754.0,3754.0,3754.0,3754.0,3754.0,3754.0,3754.0,0.0
-298.2,-0.00648,8.154e-05,0.0932,0.6685,0.2244,0.683,0.6387,18.88,5.863,3754.0,3754.0,3754.0,3754.0,3754.0,3754.0,3754.0,3754.0,3754.0,3754.0,3754.0,3754.0,3754.0,3754.0,3754.0,3754.0,3754.0,3754.0,3754.0,3754.0,3754.0,3754.0,3754.0,3754.0,3754.0,3754.0,3754.0,3754.0,3754.0,3754.0,3754.0,3754.0,3754.0,3754.0,3754.0,3754.0,3754.0,3754.0,3754.0,3754.0,3754.0,3754.0,3754.0,3754.0,3754.0,3754.0,3754.0,3754.0,3754.0,3754.0,3754.0,3754.0,3754.0,3754.0,3754.0,3754.0,3754.0,3754.0,0.0
-298.2,-0.006588,0.00010276,0.0891,0.665,0.2189,0.693,0.6484,20.27,6.87,3754.0,3754.0,3754.0,3754.0,3754.0,3754.0,3754.0,3754.0,3754.0,3754.0,3754.0,3754.0,3754.0,3754.0,3754.0,3754.0,3754.0,3754.0,3754.0,3754.0,3754.0,3754.0,3754.0,3754.0,3754.0,3754.0,3754.0,3754.0,3754.0,3754.0,3754.0,3754.0,3754.0,3754.0,3754.0,3754.0,3754.0,3754.0,3754.0,3754.0,3754.0,3754.0,3754.0,3754.0,3754.0,3754.0,3754.0,3754.0,3754.0,3754.0,3754.0,3754.0,3754.0,3754.0,3754.0,3754.0,3754.0,3754.0,0.0
-298.2,-0.00675,8.225e-05,0.0729,0.677,0.2253,0.6924,0.649,19.14,6.684,3754.0,3754.0,3754.0,3754.0,3754.0,3754.0,3754.0,3754.0,3754.0,3754.0,3754.0,3754.0,3754.0,3754.0,3754.0,3754.0,3754.0,3754.0,3754.0,3754.0,3754.0,3754.0,3754.0,3754.0,3754.0,3754.0,3754.0,3754.0,3754.0,3754.0,3754.0,3754.0,3754.0,3754.0,3754.0,3754.0,3754.0,3754.0,3754.0,3754.0,3754.0,3754.0,3754.0,3754.0,3754.0,3754.0,3754.0,3754.0,3754.0,3754.0,3754.0,3754.0,3754.0,3754.0,3754.0,3754.0,3754.0,3754.0,0.0
-298.2,-0.00672,0.00011164,0.07825,0.678,0.2297,0.695,0.6377,17.8,7.43,3754.0,3754.0,3754.0,3754.0,3754.0,3754.0,3754.0,3754.0,3754.0,3754.0,3754.0,3754.0,3754.0,3754.0,3754.0,3754.0,3754.0,3754.0,3754.0,3754.0,3754.0,3754.0,3754.0,3754.0,3754.0,3754.0,3754.0,3754.0,3754.0,3754.0,3754.0,3754.0,3754.0,3754.0,3754.0,3754.0,3754.0,3754.0,3754.0,3754.0,3754.0,3754.0,3754.0,3754.0,3754.0,3754.0,3754.0,3754.0,3754.0,3754.0,3754.0,3754.0,3754.0,3754.0,3754.0,3754.0,3754.0,3754.0,0.0
-298.2,-0.00693,0.00010955,0.0788,0.687,0.2129,0.71,0.6357,17.38,6.418,3754.0,3754.0,3754.0,3754.0,3754.0,3754.0,3754.0,3754.0,3754.0,3754.0,3754.0,3754.0,3754.0,3754.0,3754.0,3754.0,3754.0,3754.0,3754.0,3754.0,3754.0,3754.0,3754.0,3754.0,3754.0,3754.0,3754.0,3754.0,3754.0,3754.0,3754.0,3754.0,3754.0,3754.0,3754.0,3754.0,3754.0,3754.0,3754.0,3754.0,3754.0,3754.0,3754.0,3754.0,3754.0,3754.0,3754.0,3754.0,3754.0,3754.0,3754.0,3754.0,3754.0,3754.0,3754.0,3754.0,3754.0,3754.0,0.0
-298.2,-0.00672,0.0001058,0.08453,0.697,0.2047,0.6953,0.6333,16.25,6.27,3754.0,3754.0,3754.0,3754.0,3754.0,3754.0,3754.0,3754.0,3754.0,3754.0,3754.0,3754.0,3754.0,3754.0,3754.0,3754.0,3754.0,3754.0,3754.0,3754.0,3754.0,3754.0,3754.0,3754.0,3754.0,3754.0,3754.0,3754.0,3754.0,3754.0,3754.0,3754.0,3754.0,3754.0,3754.0,3754.0,3754.0,3754.0,3754.0,3754.0,3754.0,3754.0,3754.0,3754.0,3754.0,3754.0,3754.0,3754.0,3754.0,3754.0,3754.0,3754.0,3754.0,3754.0,3754.0,3754.0,3754.0,3754.0,0.0
-298.2,-0.00671,0.0001049,0.0824,0.6978,0.2231,0.7065,0.631,15.14,7.156,3754.0,3754.0,3754.0,3754.0,3754.0,3754.0,3754.0,3754.0,3754.0,3754.0,3754.0,3754.0,3754.0,3754.0,3754.0,3754.0,3754.0,3754.0,3754.0,3754.0,3754.0,3754.0,3754.0,3754.0,3754.0,3754.0,3754.0,3754.0,3754.0,3754.0,3754.0,3754.0,3754.0,3754.0,3754.0,3754.0,3754.0,3754.0,3754.0,3754.0,3754.0,3754.0,3754.0,3754.0,3754.0,3754.0,3754.0,3754.0,3754.0,3754.0,3754.0,3754.0,3754.0,3754.0,3754.0,3754.0,3754.0,3754.0,0.0
-298.2,-0.0067,9.197e-05,0.08856,0.697,0.2247,0.732,0.6196,16.53,4.496,3754.0,3754.0,3754.0,3754.0,3754.0,3754.0,3754.0,3754.0,3754.0,3754.0,3754.0,3754.0,3754.0,3754.0,3754.0,3754.0,3754.0,3754.0,3754.0,3754.0,3754.0,3754.0,3754.0,3754.0,3754.0,3754.0,3754.0,3754.0,3754.0,3754.0,3754.0,3754.0,3754.0,3754.0,3754.0,3754.0,3754.0,3754.0,3754.0,3754.0,3754.0,3754.0,3754.0,3754.0,3754.0,3754.0,3754.0,3754.0,3754.0,3754.0,3754.0,3754.0,3754.0,3754.0,3754.0,3754.0,3754.0,3754.0,0.0
-298.2,-0.00644,5.776e-05,0.08545,0.694,0.2107,0.724,0.6084,18.28,5.434,3754.0,3754.0,3754.0,3754.0,3754.0,3754.0,3754.0,3754.0,3754.0,3754.0,3754.0,3754.0,3754.0,3754.0,3754.0,3754.0,3754.0,3754.0,3754.0,3754.0,3754.0,3754.0,3754.0,3754.0,3754.0,3754.0,3754.0,3754.0,3754.0,3754.0,3754.0,3754.0,3754.0,3754.0,3754.0,3754.0,3754.0,3754.0,3754.0,3754.0,3754.0,3754.0,3754.0,3754.0,3754.0,3754.0,3754.0,3754.0,3754.0,3754.0,3754.0,3754.0,3754.0,3754.0,3754.0,3754.0,3754.0,3754.0,0.0
-298.2,-0.006172,4.613e-05,0.0788,0.695,0.2094,0.7295,0.598,17.92,5.203,3754.0,3754.0,3754.0,3754.0,3754.0,3754.0,3754.0,3754.0,3754.0,3754.0,3754.0,3754.0,3754.0,3754.0,3754.0,3754.0,3754.0,3754.0,3754.0,3754.0,3754.0,3754.0,3754.0,3754.0,3754.0,3754.0,3754.0,3754.0,3754.0,3754.0,3754.0,3754.0,3754.0,3754.0,3754.0,3754.0,3754.0,3754.0,3754.0,3754.0,3754.0,3754.0,3754.0,3754.0,3754.0,3754.0,3754.0,3754.0,3754.0,3754.0,3754.0,3754.0,3754.0,3754.0,3754.0,3754.0,3754.0,3754.0,0.0
-298.2,-0.00602,5.347e-05,0.0755,0.6963,0.1985,0.7354,0.604,17.62,5.53,3754.0,3754.0,3754.0,3754.0,3754.0,3754.0,3754.0,3754.0,3754.0,3754.0,3754.0,3754.0,3754.0,3754.0,3754.0,3754.0,3754.0,3754.0,3754.0,3754.0,3754.0,3754.0,3754.0,3754.0,3754.0,3754.0,3754.0,3754.0,3754.0,3754.0,3754.0,3754.0,3754.0,3754.0,3754.0,3754.0,3754.0,3754.0,3754.0,3754.0,3754.0,3754.0,3754.0,3754.0,3754.0,3754.0,3754.0,3754.0,3754.0,3754.0,3754.0,3754.0,3754.0,3754.0,3754.0,3754.0,3754.0,3754.0,0.0
-298.2,-0.006283,3.296e-05,0.06805,0.6934,0.181,0.743,0.59,18.86,3.361,3754.0,3754.0,3754.0,3754.0,3754.0,3754.0,3754.0,3754.0,3754.0,3754.0,3754.0,3754.0,3754.0,3754.0,3754.0,3754.0,3754.0,3754.0,3754.0,3754.0,3754.0,3754.0,3754.0,3754.0,3754.0,3754.0,3754.0,3754.0,3754.0,3754.0,3754.0,3754.0,3754.0,3754.0,3754.0,3754.0,3754.0,3754.0,3754.0,3754.0,3754.0,3754.0,3754.0,3754.0,3754.0,3754.0,3754.0,3754.0,3754.0,3754.0,3754.0,3754.0,3754.0,3754.0,3754.0,3754.0,3754.0,3754.0,0.0
-298.2,-0.00624,3.14e-05,0.06305,0.697,0.1807,0.754,0.591,19.02,3.023,3754.0,3754.0,3754.0,3754.0,3754.0,3754.0,3754.0,3754.0,3754.0,3754.0,3754.0,3754.0,3754.0,3754.0,3754.0,3754.0,3754.0,3754.0,3754.0,3754.0,3754.0,3754.0,3754.0,3754.0,3754.0,3754.0,3754.0,3754.0,3754.0,3754.0,3754.0,3754.0,3754.0,3754.0,3754.0,3754.0,3754.0,3754.0,3754.0,3754.0,3754.0,3754.0,3754.0,3754.0,3754.0,3754.0,3754.0,3754.0,3754.0,3754.0,3754.0,3754.0,3754.0,3754.0,3754.0,3754.0,3754.0,3754.0,0.0
-298.2,-0.006252,6.694e-05,0.0692,0.692,0.1836,0.741,0.592,17.39,3.574,3754.0,3754.0,3754.0,3754.0,3754.0,3754.0,3754.0,3754.0,3754.0,3754.0,3754.0,3754.0,3754.0,3754.0,3754.0,3754.0,3754.0,3754.0,3754.0,3754.0,3754.0,3754.0,3754.0,3754.0,3754.0,3754.0,3754.0,3754.0,3754.0,3754.0,3754.0,3754.0,3754.0,3754.0,3754.0,3754.0,3754.0,3754.0,3754.0,3754.0,3754.0,3754.0,3754.0,3754.0,3754.0,3754.0,3754.0,3754.0,3754.0,3754.0,3754.0,3754.0,3754.0,3754.0,3754.0,3754.0,3754.0,3754.0,0.0
-298.2,-0.006035,7.474e-05,0.07153,0.699,0.2002,0.7515,0.573,16.11,3.07,3754.0,3754.0,3754.0,3754.0,3754.0,3754.0,3754.0,3754.0,3754.0,3754.0,3754.0,3754.0,3754.0,3754.0,3754.0,3754.0,3754.0,3754.0,3754.0,3754.0,3754.0,3754.0,3754.0,3754.0,3754.0,3754.0,3754.0,3754.0,3754.0,3754.0,3754.0,3754.0,3754.0,3754.0,3754.0,3754.0,3754.0,3754.0,3754.0,3754.0,3754.0,3754.0,3754.0,3754.0,3754.0,3754.0,3754.0,3754.0,3754.0,3754.0,3754.0,3754.0,3754.0,3754.0,3754.0,3754.0,3754.0,3754.0,0.0
-298.2,-0.00603,6.9e-05,0.07336,0.688,0.206,0.7363,0.5654,17.45,3.834,3754.0,3754.0,3754.0,3754.0,3754.0,3754.0,3754.0,3754.0,3754.0,3754.0,3754.0,3754.0,3754.0,3754.0,3754.0,3754.0,3754.0,3754.0,3754.0,3754.0,3754.0,3754.0,3754.0,3754.0,3754.0,3754.0,3754.0,3754.0,3754.0,3754.0,3754.0,3754.0,3754.0,3754.0,3754.0,3754.0,3754.0,3754.0,3754.0,3754.0,3754.0,3754.0,3754.0,3754.0,3754.0,3754.0,3754.0,3754.0,3754.0,3754.0,3754.0,3754.0,3754.0,3754.0,3754.0,3754.0,3754.0,3754.0,0.0
-298.2,-0.00623,0.0001124,0.0779,0.6895,0.1974,0.743,0.5596,17.56,6.395,3754.0,3754.0,3754.0,3754.0,3754.0,3754.0,3754.0,3754.0,3754.0,3754.0,3754.0,3754.0,3754.0,3754.0,3754.0,3754.0,3754.0,3754.0,3754.0,3754.0,3754.0,3754.0,3754.0,3754.0,3754.0,3754.0,3754.0,3754.0,3754.0,3754.0,3754.0,3754.0,3754.0,3754.0,3754.0,3754.0,3754.0,3754.0,3754.0,3754.0,3754.0,3754.0,3754.0,3754.0,3754.0,3754.0,3754.0,3754.0,3754.0,3754.0,3754.0,3754.0,3754.0,3754.0,3754.0,3754.0,3754.0,3754.0,0.0
-298.2,-0.00625,0.00010663,0.0801,0.691,0.1941,0.7627,0.559,16.02,5.992,3754.0,3754.0,3754.0,3754.0,3754.0,3754.0,3754.0,3754.0,3754.0,3754.0,3754.0,3754.0,3754.0,3754.0,3754.0,3754.0,3754.0,3754.0,3754.0,3754.0,3754.0,3754.0,3754.0,3754.0,3754.0,3754.0,3754.0,3754.0,3754.0,3754.0,3754.0,3754.0,3754.0,3754.0,3754.0,3754.0,3754.0,3754.0,3754.0,3754.0,3754.0,3754.0,3754.0,3754.0,3754.0,3754.0,3754.0,3754.0,3754.0,3754.0,3754.0,3754.0,3754.0,3754.0,3754.0,3754.0,3754.0,3754.0,0.0
-298.2,-0.00612,0.0001227,0.08575,0.6787,0.1868,0.7603,0.5586,16.62,6.17,3754.0,3754.0,3754.0,3754.0,3754.0,3754.0,3754.0,3754.0,3754.0,3754.0,3754.0,3754.0,3754.0,3754.0,3754.0,3754.0,3754.0,3754.0,3754.0,3754.0,3754.0,3754.0,3754.0,3754.0,3754.0,3754.0,3754.0,3754.0,3754.0,3754.0,3754.0,3754.0,3754.0,3754.0,3754.0,3754.0,3754.0,3754.0,3754.0,3754.0,3754.0,3754.0,3754.0,3754.0,3754.0,3754.0,3754.0,3754.0,3754.0,3754.0,3754.0,3754.0,3754.0,3754.0,3754.0,3754.0,3754.0,3754.0,0.0
-298.2,-0.006397,0.0001361,0.0914,0.689,0.1974,0.756,0.565,15.1,6.113,3754.0,3754.0,3754.0,3754.0,3754.0,3754.0,3754.0,3754.0,3754.0,3754.0,3754.0,3754.0,3754.0,3754.0,3754.0,3754.0,3754.0,3754.0,3754.0,3754.0,3754.0,3754.0,3754.0,3754.0,3754.0,3754.0,3754.0,3754.0,3754.0,3754.0,3754.0,3754.0,3754.0,3754.0,3754.0,3754.0,3754.0,3754.0,3754.0,3754.0,3754.0,3754.0,3754.0,3754.0,3754.0,3754.0,3754.0,3754.0,3754.0,3754.0,3754.0,3754.0,3754.0,3754.0,3754.0,3754.0,3754.0,3754.0,0.0
-298.2,-0.006306,0.0001396,0.0939,0.6787,0.1866,0.7666,0.5645,15.79,6.14,3754.0,3754.0,3754.0,3754.0,3754.0,3754.0,3754.0,3754.0,3754.0,3754.0,3754.0,3754.0,3754.0,3754.0,3754.0,3754.0,3754.0,3754.0,3754.0,3754.0,3754.0,3754.0,3754.0,3754.0,3754.0,3754.0,3754.0,3754.0,3754.0,3754.0,3754.0,3754.0,3754.0,3754.0,3754.0,3754.0,3754.0,3754.0,3754.0,3754.0,3754.0,3754.0,3754.0,3754.0,3754.0,3754.0,3754.0,3754.0,3754.0,3754.0,3754.0,3754.0,3754.0,3754.0,3754.0,3754.0,3754.0,3754.0,0.0
-298.2,-0.0063,0.0001164,0.09845,0.671,0.1995,0.7637,0.566,16.2,4.21,3754.0,3754.0,3754.0,3754.0,3754.0,3754.0,3754.0,3754.0,3754.0,3754.0,3754.0,3754.0,3754.0,3754.0,3754.0,3754.0,3754.0,3754.0,3754.0,3754.0,3754.0,3754.0,3754.0,3754.0,3754.0,3754.0,3754.0,3754.0,3754.0,3754.0,3754.0,3754.0,3754.0,3754.0,3754.0,3754.0,3754.0,3754.0,3754.0,3754.0,3754.0,3754.0,3754.0,3754.0,3754.0,3754.0,3754.0,3754.0,3754.0,3754.0,3754.0,3754.0,3754.0,3754.0,3754.0,3754.0,3754.0,3754.0,0.0
-298.2,-0.006084,9.185e-05,0.0991,0.6777,0.2002,0.7744,0.5605,17.61,6.51,3754.0,3754.0,3754.0,3754.0,3754.0,3754.0,3754.0,3754.0,3754.0,3754.0,3754.0,3754.0,3754.0,3754.0,3754.0,3754.0,3754.0,3754.0,3754.0,3754.0,3754.0,3754.0,3754.0,3754.0,3754.0,3754.0,3754.0,3754.0,3754.0,3754.0,3754.0,3754.0,3754.0,3754.0,3754.0,3754.0,3754.0,3754.0,3754.0,3754.0,3754.0,3754.0,3754.0,3754.0,3754.0,3754.0,3754.0,3754.0,3754.0,3754.0,3754.0,3754.0,3754.0,3754.0,3754.0,3754.0,3754.0,3754.0,0.0
-298.2,-0.00616,6.413e-05,0.08307,0.671,0.2081,0.7715,0.5527,16.61,5.46,3754.0,3754.0,3754.0,3754.0,3754.0,3754.0,3754.0,3754.0,3754.0,3754.0,3754.0,3754.0,3754.0,3754.0,3754.0,3754.0,3754.0,3754.0,3754.0,3754.0,3754.0,3754.0,3754.0,3754.0,3754.0,3754.0,3754.0,3754.0,3754.0,3754.0,3754.0,3754.0,3754.0,3754.0,3754.0,3754.0,3754.0,3754.0,3754.0,3754.0,3754.0,3754.0,3754.0,3754.0,3754.0,3754.0,3754.0,3754.0,3754.0,3754.0,3754.0,3754.0,3754.0,3754.0,3754.0,3754.0,3754.0,3754.0,0.0
-298.2,-0.00617,6.8e-05,0.0972,0.663,0.218,0.7695,0.5522,17.28,4.336,3754.0,3754.0,3754.0,3754.0,3754.0,3754.0,3754.0,3754.0,3754.0,3754.0,3754.0,3754.0,3754.0,3754.0,3754.0,3754.0,3754.0,3754.0,3754.0,3754.0,3754.0,3754.0,3754.0,3754.0,3754.0,3754.0,3754.0,3754.0,3754.0,3754.0,3754.0,3754.0,3754.0,3754.0,3754.0,3754.0,3754.0,3754.0,3754.0,3754.0,3754.0,3754.0,3754.0,3754.0,3754.0,3754.0,3754.0,3754.0,3754.0,3754.0,3754.0,3754.0,3754.0,3754.0,3754.0,3754.0,3754.0,3754.0,0.0
-298.2,-0.00609,8.726e-05,0.088,0.651,0.2188,0.764,0.546,17.83,3.715,3754.0,3754.0,3754.0,3754.0,3754.0,3754.0,3754.0,3754.0,3754.0,3754.0,3754.0,3754.0,3754.0,3754.0,3754.0,3754.0,3754.0,3754.0,3754.0,3754.0,3754.0,3754.0,3754.0,3754.0,3754.0,3754.0,3754.0,3754.0,3754.0,3754.0,3754.0,3754.0,3754.0,3754.0,3754.0,3754.0,3754.0,3754.0,3754.0,3754.0,3754.0,3754.0,3754.0,3754.0,3754.0,3754.0,3754.0,3754.0,3754.0,3754.0,3754.0,3754.0,3754.0,3754.0,3754.0,3754.0,3754.0,3754.0,0.0
-298.2,-0.00579,7.784e-05,0.0804,0.6543,0.2133,0.7705,0.5483,16.31,5.26,3754.0,3754.0,3754.0,3754.0,3754.0,3754.0,3754.0,3754.0,3754.0,3754.0,3754.0,3754.0,3754.0,3754.0,3754.0,3754.0,3754.0,3754.0,3754.0,3754.0,3754.0,3754.0,3754.0,3754.0,3754.0,3754.0,3754.0,3754.0,3754.0,3754.0,3754.0,3754.0,3754.0,3754.0,3754.0,3754.0,3754.0,3754.0,3754.0,3754.0,3754.0,3754.0,3754.0,3754.0,3754.0,3754.0,3754.0,3754.0,3754.0,3754.0,3754.0,3754.0,3754.0,3754.0,3754.0,3754.0,3754.0,3754.0,0.0
-298.2,-0.005413,7.18e-05,0.0857,0.6587,0.2241,0.7617,0.5493,14.57,4.004,3754.0,3754.0,3754.0,3754.0,3754.0,3754.0,3754.0,3754.0,3754.0,3754.0,3754.0,3754.0,3754.0,3754.0,3754.0,3754.0,3754.0,3754.0,3754.0,3754.0,3754.0,3754.0,3754.0,3754.0,3754.0,3754.0,3754.0,3754.0,3754.0,3754.0,3754.0,3754.0,3754.0,3754.0,3754.0,3754.0,3754.0,3754.0,3754.0,3754.0,3754.0,3754.0,3754.0,3754.0,3754.0,3754.0,3754.0,3754.0,3754.0,3754.0,3754.0,3754.0,3754.0,3754.0,3754.0,3754.0,3754.0,3754.0,0.0
-298.2,-0.00542,0.00010145,0.081,0.6606,0.2239,0.774,0.574,14.04,3.516,3754.0,3754.0,3754.0,3754.0,3754.0,3754.0,3754.0,3754.0,3754.0,3754.0,3754.0,3754.0,3754.0,3754.0,3754.0,3754.0,3754.0,3754.0,3754.0,3754.0,3754.0,3754.0,3754.0,3754.0,3754.0,3754.0,3754.0,3754.0,3754.0,3754.0,3754.0,3754.0,3754.0,3754.0,3754.0,3754.0,3754.0,3754.0,3754.0,3754.0,3754.0,3754.0,3754.0,3754.0,3754.0,3754.0,3754.0,3754.0,3754.0,3754.0,3754.0,3754.0,3754.0,3754.0,3754.0,3754.0,3754.0,3754.0,0.0
-298.2,-0.0052,7.44e-05,0.0852,0.662,0.2269,0.783,0.5786,14.445,4.23,3754.0,3754.0,3754.0,3754.0,3754.0,3754.0,3754.0,3754.0,3754.0,3754.0,3754.0,3754.0,3754.0,3754.0,3754.0,3754.0,3754.0,3754.0,3754.0,3754.0,3754.0,3754.0,3754.0,3754.0,3754.0,3754.0,3754.0,3754.0,3754.0,3754.0,3754.0,3754.0,3754.0,3754.0,3754.0,3754.0,3754.0,3754.0,3754.0,3754.0,3754.0,3754.0,3754.0,3754.0,3754.0,3754.0,3754.0,3754.0,3754.0,3754.0,3754.0,3754.0,3754.0,3754.0,3754.0,3754.0,3754.0,3754.0,0.0
-298.2,-0.005024,9.37e-05,0.09784,0.6675,0.2253,0.7847,0.591,13.625,4.598,3754.0,3754.0,3754.0,3754.0,3754.0,3754.0,3754.0,3754.0,3754.0,3754.0,3754.0,3754.0,3754.0,3754.0,3754.0,3754.0,3754.0,3754.0,3754.0,3754.0,3754.0,3754.0,3754.0,3754.0,3754.0,3754.0,3754.0,3754.0,3754.0,3754.0,3754.0,3754.0,3754.0,3754.0,3754.0,3754.0,3754.0,3754.0,3754.0,3754.0,3754.0,3754.0,3754.0,3754.0,3754.0,3754.0,3754.0,3754.0,3754.0,3754.0,3754.0,3754.0,3754.0,3754.0,3754.0,3754.0,3754.0,3754.0,0.0
-298.2,-0.005108,9e-05,0.09784,0.674,0.2104,0.7847,0.592,14.38,3.248,3754.0,3754.0,3754.0,3754.0,3754.0,3754.0,3754.0,3754.0,3754.0,3754.0,3754.0,3754.0,3754.0,3754.0,3754.0,3754.0,3754.0,3754.0,3754.0,3754.0,3754.0,3754.0,3754.0,3754.0,3754.0,3754.0,3754.0,3754.0,3754.0,3754.0,3754.0,3754.0,3754.0,3754.0,3754.0,3754.0,3754.0,3754.0,3754.0,3754.0,3754.0,3754.0,3754.0,3754.0,3754.0,3754.0,3754.0,3754.0,3754.0,3754.0,3754.0,3754.0,3754.0,3754.0,3754.0,3754.0,3754.0,3754.0,0.0
-298.2,-0.005173,9.36e-05,0.09985,0.686,0.2095,0.7876,0.5977,14.56,3.219,3754.0,3754.0,3754.0,3754.0,3754.0,3754.0,3754.0,3754.0,3754.0,3754.0,3754.0,3754.0,3754.0,3754.0,3754.0,3754.0,3754.0,3754.0,3754.0,3754.0,3754.0,3754.0,3754.0,3754.0,3754.0,3754.0,3754.0,3754.0,3754.0,3754.0,3754.0,3754.0,3754.0,3754.0,3754.0,3754.0,3754.0,3754.0,3754.0,3754.0,3754.0,3754.0,3754.0,3754.0,3754.0,3754.0,3754.0,3754.0,3754.0,3754.0,3754.0,3754.0,3754.0,3754.0,3754.0,3754.0,3754.0,3754.0,0.0
-298.2,-0.00513,8.76e-05,0.0986,0.672,0.2191,0.7827,0.599,14.93,3.328,3754.0,3754.0,3754.0,3754.0,3754.0,3754.0,3754.0,3754.0,3754.0,3754.0,3754.0,3754.0,3754.0,3754.0,3754.0,3754.0,3754.0,3754.0,3754.0,3754.0,3754.0,3754.0,3754.0,3754.0,3754.0,3754.0,3754.0,3754.0,3754.0,3754.0,3754.0,3754.0,3754.0,3754.0,3754.0,3754.0,3754.0,3754.0,3754.0,3754.0,3754.0,3754.0,3754.0,3754.0,3754.0,3754.0,3754.0,3754.0,3754.0,3754.0,3754.0,3754.0,3754.0,3754.0,3754.0,3754.0,3754.0,3754.0,0.0
-298.2,-0.0052,8.655e-05,0.0935,0.6865,0.2046,0.7607,0.6035,14.43,3.713,3754.0,3754.0,3754.0,3754.0,3754.0,3754.0,3754.0,3754.0,3754.0,3754.0,3754.0,3754.0,3754.0,3754.0,3754.0,3754.0,3754.0,3754.0,3754.0,3754.0,3754.0,3754.0,3754.0,3754.0,3754.0,3754.0,3754.0,3754.0,3754.0,3754.0,3754.0,3754.0,3754.0,3754.0,3754.0,3754.0,3754.0,3754.0,3754.0,3754.0,3754.0,3754.0,3754.0,3754.0,3754.0,3754.0,3754.0,3754.0,3754.0,3754.0,3754.0,3754.0,3754.0,3754.0,3754.0,3754.0,3754.0,3754.0,0.0
-298.2,-0.00505,0.000105,0.09454,0.685,0.1931,0.76,0.61,13.2,5.375,3754.0,3754.0,3754.0,3754.0,3754.0,3754.0,3754.0,3754.0,3754.0,3754.0,3754.0,3754.0,3754.0,3754.0,3754.0,3754.0,3754.0,3754.0,3754.0,3754.0,3754.0,3754.0,3754.0,3754.0,3754.0,3754.0,3754.0,3754.0,3754.0,3754.0,3754.0,3754.0,3754.0,3754.0,3754.0,3754.0,3754.0,3754.0,3754.0,3754.0,3754.0,3754.0,3754.0,3754.0,3754.0,3754.0,3754.0,3754.0,3754.0,3754.0,3754.0,3754.0,3754.0,3754.0,3754.0,3754.0,3754.0,3754.0,0.0
-298.2,-0.00506,0.000109,0.09235,0.6875,0.1807,0.7744,0.609,14.32,5.715,3754.0,3754.0,3754.0,3754.0,3754.0,3754.0,3754.0,3754.0,3754.0,3754.0,3754.0,3754.0,3754.0,3754.0,3754.0,3754.0,3754.0,3754.0,3754.0,3754.0,3754.0,3754.0,3754.0,3754.0,3754.0,3754.0,3754.0,3754.0,3754.0,3754.0,3754.0,3754.0,3754.0,3754.0,3754.0,3754.0,3754.0,3754.0,3754.0,3754.0,3754.0,3754.0,3754.0,3754.0,3754.0,3754.0,3754.0,3754.0,3754.0,3754.0,3754.0,3754.0,3754.0,3754.0,3754.0,3754.0,3754.0,3754.0,0.0
-298.2,-0.005035,0.00011665,0.0979,0.68,0.1838,0.7866,0.614,13.29,5.668,3754.0,3754.0,3754.0,3754.0,3754.0,3754.0,3754.0,3754.0,3754.0,3754.0,3754.0,3754.0,3754.0,3754.0,3754.0,3754.0,3754.0,3754.0,3754.0,3754.0,3754.0,3754.0,3754.0,3754.0,3754.0,3754.0,3754.0,3754.0,3754.0,3754.0,3754.0,3754.0,3754.0,3754.0,3754.0,3754.0,3754.0,3754.0,3754.0,3754.0,3754.0,3754.0,3754.0,3754.0,3754.0,3754.0,3754.0,3754.0,3754.0,3754.0,3754.0,3754.0,3754.0,3754.0,3754.0,3754.0,3754.0,3754.0,0.0
-298.2,-0.00518,0.0001464,0.09753,0.669,0.1852,0.78,0.622,12.64,5.22,3754.0,3754.0,3754.0,3754.0,3754.0,3754.0,3754.0,3754.0,3754.0,3754.0,3754.0,3754.0,3754.0,3754.0,3754.0,3754.0,3754.0,3754.0,3754.0,3754.0,3754.0,3754.0,3754.0,3754.0,3754.0,3754.0,3754.0,3754.0,3754.0,3754.0,3754.0,3754.0,3754.0,3754.0,3754.0,3754.0,3754.0,3754.0,3754.0,3754.0,3754.0,3754.0,3754.0,3754.0,3754.0,3754.0,3754.0,3754.0,3754.0,3754.0,3754.0,3754.0,3754.0,3754.0,3754.0,3754.0,3754.0,3754.0,0.0
-298.2,-0.005577,0.0001435,0.09125,0.6885,0.1802,0.79,0.6113,13.01,5.7,3754.0,3754.0,3754.0,3754.0,3754.0,3754.0,3754.0,3754.0,3754.0,3754.0,3754.0,3754.0,3754.0,3754.0,3754.0,3754.0,3754.0,3754.0,3754.0,3754.0,3754.0,3754.0,3754.0,3754.0,3754.0,3754.0,3754.0,3754.0,3754.0,3754.0,3754.0,3754.0,3754.0,3754.0,3754.0,3754.0,3754.0,3754.0,3754.0,3754.0,3754.0,3754.0,3754.0,3754.0,3754.0,3754.0,3754.0,3754.0,3754.0,3754.0,3754.0,3754.0,3754.0,3754.0,3754.0,3754.0,3754.0,3754.0,0.0
-298.2,-0.00578,0.0001427,0.09125,0.679,0.1952,0.799,0.609,13.04,5.906,3754.0,3754.0,3754.0,3754.0,3754.0,3754.0,3754.0,3754.0,3754.0,3754.0,3754.0,3754.0,3754.0,3754.0,3754.0,3754.0,3754.0,3754.0,3754.0,3754.0,3754.0,3754.0,3754.0,3754.0,3754.0,3754.0,3754.0,3754.0,3754.0,3754.0,3754.0,3754.0,3754.0,3754.0,3754.0,3754.0,3754.0,3754.0,3754.0,3754.0,3754.0,3754.0,3754.0,3754.0,3754.0,3754.0,3754.0,3754.0,3754.0,3754.0,3754.0,3754.0,3754.0,3754.0,3754.0,3754.0,3754.0,3754.0,0.0
-298.2,-0.006207,0.0001383,0.09045,0.678,0.1879,0.801,0.5986,14.02,6.53,3754.0,3754.0,3754.0,3754.0,3754.0,3754.0,3754.0,3754.0,3754.0,3754.0,3754.0,3754.0,3754.0,3754.0,3754.0,3754.0,3754.0,3754.0,3754.0,3754.0,3754.0,3754.0,3754.0,3754.0,3754.0,3754.0,3754.0,3754.0,3754.0,3754.0,3754.0,3754.0,3754.0,3754.0,3754.0,3754.0,3754.0,3754.0,3754.0,3754.0,3754.0,3754.0,3754.0,3754.0,3754.0,3754.0,3754.0,3754.0,3754.0,3754.0,3754.0,3754.0,3754.0,3754.0,3754.0,3754.0,3754.0,3754.0,0.0
-298.2,-0.005913,0.0001535,0.091,0.673,0.1948,0.8047,0.6074,14.664,7.582,3754.0,3754.0,3754.0,3754.0,3754.0,3754.0,3754.0,3754.0,3754.0,3754.0,3754.0,3754.0,3754.0,3754.0,3754.0,3754.0,3754.0,3754.0,3754.0,3754.0,3754.0,3754.0,3754.0,3754.0,3754.0,3754.0,3754.0,3754.0,3754.0,3754.0,3754.0,3754.0,3754.0,3754.0,3754.0,3754.0,3754.0,3754.0,3754.0,3754.0,3754.0,3754.0,3754.0,3754.0,3754.0,3754.0,3754.0,3754.0,3754.0,3754.0,3754.0,3754.0,3754.0,3754.0,3754.0,3754.0,3754.0,3754.0,0.0
-298.2,-0.006027,0.0001554,0.0997,0.6714,0.208,0.8086,0.6294,14.29,7.785,3754.0,3754.0,3754.0,3754.0,3754.0,3754.0,3754.0,3754.0,3754.0,3754.0,3754.0,3754.0,3754.0,3754.0,3754.0,3754.0,3754.0,3754.0,3754.0,3754.0,3754.0,3754.0,3754.0,3754.0,3754.0,3754.0,3754.0,3754.0,3754.0,3754.0,3754.0,3754.0,3754.0,3754.0,3754.0,3754.0,3754.0,3754.0,3754.0,3754.0,3754.0,3754.0,3754.0,3754.0,3754.0,3754.0,3754.0,3754.0,3754.0,3754.0,3754.0,3754.0,3754.0,3754.0,3754.0,3754.0,3754.0,3754.0,0.0
-298.2,-0.006165,0.0001475,0.09674,0.675,0.2133,0.803,0.629,16.44,6.49,3754.0,3754.0,3754.0,3754.0,3754.0,3754.0,3754.0,3754.0,3754.0,3754.0,3754.0,3754.0,3754.0,3754.0,3754.0,3754.0,3754.0,3754.0,3754.0,3754.0,3754.0,3754.0,3754.0,3754.0,3754.0,3754.0,3754.0,3754.0,3754.0,3754.0,3754.0,3754.0,3754.0,3754.0,3754.0,3754.0,3754.0,3754.0,3754.0,3754.0,3754.0,3754.0,3754.0,3754.0,3754.0,3754.0,3754.0,3754.0,3754.0,3754.0,3754.0,3754.0,3754.0,3754.0,3754.0,3754.0,3754.0,3754.0,0.0
-298.2,-0.006073,0.0001289,0.09814,0.671,0.2153,0.814,0.628,17.36,7.36,3754.0,3754.0,3754.0,3754.0,3754.0,3754.0,3754.0,3754.0,3754.0,3754.0,3754.0,3754.0,3754.0,3754.0,3754.0,3754.0,3754.0,3754.0,3754.0,3754.0,3754.0,3754.0,3754.0,3754.0,3754.0,3754.0,3754.0,3754.0,3754.0,3754.0,3754.0,3754.0,3754.0,3754.0,3754.0,3754.0,3754.0,3754.0,3754.0,3754.0,3754.0,3754.0,3754.0,3754.0,3754.0,3754.0,3754.0,3754.0,3754.0,3754.0,3754.0,3754.0,3754.0,3754.0,3754.0,3754.0,3754.0,3754.0,0.0
-298.2,-0.00633,0.00010467,0.09985,0.679,0.2322,0.8096,0.6387,17.33,7.188,3754.0,3754.0,3754.0,3754.0,3754.0,3754.0,3754.0,3754.0,3754.0,3754.0,3754.0,3754.0,3754.0,3754.0,3754.0,3754.0,3754.0,3754.0,3754.0,3754.0,3754.0,3754.0,3754.0,3754.0,3754.0,3754.0,3754.0,3754.0,3754.0,3754.0,3754.0,3754.0,3754.0,3754.0,3754.0,3754.0,3754.0,3754.0,3754.0,3754.0,3754.0,3754.0,3754.0,3754.0,3754.0,3754.0,3754.0,3754.0,3754.0,3754.0,3754.0,3754.0,3754.0,3754.0,3754.0,3754.0,3754.0,3754.0,0.0
-298.2,-0.00614,0.00011784,0.0985,0.683,0.2197,0.823,0.6465,17.73,6.504,3754.0,3754.0,3754.0,3754.0,3754.0,3754.0,3754.0,3754.0,3754.0,3754.0,3754.0,3754.0,3754.0,3754.0,3754.0,3754.0,3754.0,3754.0,3754.0,3754.0,3754.0,3754.0,3754.0,3754.0,3754.0,3754.0,3754.0,3754.0,3754.0,3754.0,3754.0,3754.0,3754.0,3754.0,3754.0,3754.0,3754.0,3754.0,3754.0,3754.0,3754.0,3754.0,3754.0,3754.0,3754.0,3754.0,3754.0,3754.0,3754.0,3754.0,3754.0,3754.0,3754.0,3754.0,3754.0,3754.0,3754.0,3754.0,0.0
-298.2,-0.00626,0.0001068,0.0983,0.6924,0.2251,0.8193,0.646,14.88,7.652,3754.0,3754.0,3754.0,3754.0,3754.0,3754.0,3754.0,3754.0,3754.0,3754.0,3754.0,3754.0,3754.0,3754.0,3754.0,3754.0,3754.0,3754.0,3754.0,3754.0,3754.0,3754.0,3754.0,3754.0,3754.0,3754.0,3754.0,3754.0,3754.0,3754.0,3754.0,3754.0,3754.0,3754.0,3754.0,3754.0,3754.0,3754.0,3754.0,3754.0,3754.0,3754.0,3754.0,3754.0,3754.0,3754.0,3754.0,3754.0,3754.0,3754.0,3754.0,3754.0,3754.0,3754.0,3754.0,3754.0,3754.0,3754.0,0.0
-298.2,-0.006626,0.00011295,0.09753,0.6987,0.2126,0.8306,0.6387,13.33,7.38,3754.0,3754.0,3754.0,3754.0,3754.0,3754.0,3754.0,3754.0,3754.0,3754.0,3754.0,3754.0,3754.0,3754.0,3754.0,3754.0,3754.0,3754.0,3754.0,3754.0,3754.0,3754.0,3754.0,3754.0,3754.0,3754.0,3754.0,3754.0,3754.0,3754.0,3754.0,3754.0,3754.0,3754.0,3754.0,3754.0,3754.0,3754.0,3754.0,3754.0,3754.0,3754.0,3754.0,3754.0,3754.0,3754.0,3754.0,3754.0,3754.0,3754.0,3754.0,3754.0,3754.0,3754.0,3754.0,3754.0,3754.0,3754.0,0.0
-298.2,-0.006607,9.18e-05,0.0934,0.695,0.1971,0.826,0.646,14.17,7.03,3754.0,3754.0,3754.0,3754.0,3754.0,3754.0,3754.0,3754.0,3754.0,3754.0,3754.0,3754.0,3754.0,3754.0,3754.0,3754.0,3754.0,3754.0,3754.0,3754.0,3754.0,3754.0,3754.0,3754.0,3754.0,3754.0,3754.0,3754.0,3754.0,3754.0,3754.0,3754.0,3754.0,3754.0,3754.0,3754.0,3754.0,3754.0,3754.0,3754.0,3754.0,3754.0,3754.0,3754.0,3754.0,3754.0,3754.0,3754.0,3754.0,3754.0,3754.0,3754.0,3754.0,3754.0,3754.0,3754.0,3754.0,3754.0,0.0
-298.2,-0.006683,0.00010574,0.09546,0.696,0.1962,0.8296,0.6406,13.875,7.41,3754.0,3754.0,3754.0,3754.0,3754.0,3754.0,3754.0,3754.0,3754.0,3754.0,3754.0,3754.0,3754.0,3754.0,3754.0,3754.0,3754.0,3754.0,3754.0,3754.0,3754.0,3754.0,3754.0,3754.0,3754.0,3754.0,3754.0,3754.0,3754.0,3754.0,3754.0,3754.0,3754.0,3754.0,3754.0,3754.0,3754.0,3754.0,3754.0,3754.0,3754.0,3754.0,3754.0,3754.0,3754.0,3754.0,3754.0,3754.0,3754.0,3754.0,3754.0,3754.0,3754.0,3754.0,3754.0,3754.0,3754.0,3754.0,0.0
-298.2,-0.006695,0.00010514,0.0979,0.6963,0.2035,0.829,0.6416,11.875,7.67,3754.0,3754.0,3754.0,3754.0,3754.0,3754.0,3754.0,3754.0,3754.0,3754.0,3754.0,3754.0,3754.0,3754.0,3754.0,3754.0,3754.0,3754.0,3754.0,3754.0,3754.0,3754.0,3754.0,3754.0,3754.0,3754.0,3754.0,3754.0,3754.0,3754.0,3754.0,3754.0,3754.0,3754.0,3754.0,3754.0,3754.0,3754.0,3754.0,3754.0,3754.0,3754.0,3754.0,3754.0,3754.0,3754.0,3754.0,3754.0,3754.0,3754.0,3754.0,3754.0,3754.0,3754.0,3754.0,3754.0,3754.0,3754.0,0.0
-298.2,-0.006622,7.05e-05,0.07526,0.6895,0.2075,0.82,0.648,12.15,7.023,3754.0,3754.0,3754.0,3754.0,3754.0,3754.0,3754.0,3754.0,3754.0,3754.0,3754.0,3754.0,3754.0,3754.0,3754.0,3754.0,3754.0,3754.0,3754.0,3754.0,3754.0,3754.0,3754.0,3754.0,3754.0,3754.0,3754.0,3754.0,3754.0,3754.0,3754.0,3754.0,3754.0,3754.0,3754.0,3754.0,3754.0,3754.0,3754.0,3754.0,3754.0,3754.0,3754.0,3754.0,3754.0,3754.0,3754.0,3754.0,3754.0,3754.0,3754.0,3754.0,3754.0,3754.0,3754.0,3754.0,3754.0,3754.0,0.0
-298.2,-0.006664,7.41e-05,0.0832,0.6934,0.2091,0.823,0.628,12.09,7.223,3754.0,3754.0,3754.0,3754.0,3754.0,3754.0,3754.0,3754.0,3754.0,3754.0,3754.0,3754.0,3754.0,3754.0,3754.0,3754.0,3754.0,3754.0,3754.0,3754.0,3754.0,3754.0,3754.0,3754.0,3754.0,3754.0,3754.0,3754.0,3754.0,3754.0,3754.0,3754.0,3754.0,3754.0,3754.0,3754.0,3754.0,3754.0,3754.0,3754.0,3754.0,3754.0,3754.0,3754.0,3754.0,3754.0,3754.0,3754.0,3754.0,3754.0,3754.0,3754.0,3754.0,3754.0,3754.0,3754.0,3754.0,3754.0,0.0
-298.2,-0.006443,7.73e-05,0.0873,0.6846,0.2157,0.8125,0.644,11.32,7.52,3754.0,3754.0,3754.0,3754.0,3754.0,3754.0,3754.0,3754.0,3754.0,3754.0,3754.0,3754.0,3754.0,3754.0,3754.0,3754.0,3754.0,3754.0,3754.0,3754.0,3754.0,3754.0,3754.0,3754.0,3754.0,3754.0,3754.0,3754.0,3754.0,3754.0,3754.0,3754.0,3754.0,3754.0,3754.0,3754.0,3754.0,3754.0,3754.0,3754.0,3754.0,3754.0,3754.0,3754.0,3754.0,3754.0,3754.0,3754.0,3754.0,3754.0,3754.0,3754.0,3754.0,3754.0,3754.0,3754.0,3754.0,3754.0,0.0
-298.2,-0.00646,8.273e-05,0.0903,0.688,0.2319,0.817,0.6416,12.28,7.29,3754.0,3754.0,3754.0,3754.0,3754.0,3754.0,3754.0,3754.0,3754.0,3754.0,3754.0,3754.0,3754.0,3754.0,3754.0,3754.0,3754.0,3754.0,3754.0,3754.0,3754.0,3754.0,3754.0,3754.0,3754.0,3754.0,3754.0,3754.0,3754.0,3754.0,3754.0,3754.0,3754.0,3754.0,3754.0,3754.0,3754.0,3754.0,3754.0,3754.0,3754.0,3754.0,3754.0,3754.0,3754.0,3754.0,3754.0,3754.0,3754.0,3754.0,3754.0,3754.0,3754.0,3754.0,3754.0,3754.0,3754.0,3754.0,0.0
-298.2,-0.006714,9.465e-05,0.09607,0.698,0.2292,0.8184,0.6313,11.01,5.645,3754.0,3754.0,3754.0,3754.0,3754.0,3754.0,3754.0,3754.0,3754.0,3754.0,3754.0,3754.0,3754.0,3754.0,3754.0,3754.0,3754.0,3754.0,3754.0,3754.0,3754.0,3754.0,3754.0,3754.0,3754.0,3754.0,3754.0,3754.0,3754.0,3754.0,3754.0,3754.0,3754.0,3754.0,3754.0,3754.0,3754.0,3754.0,3754.0,3754.0,3754.0,3754.0,3754.0,3754.0,3754.0,3754.0,3754.0,3754.0,3754.0,3754.0,3754.0,3754.0,3754.0,3754.0,3754.0,3754.0,3754.0,3754.0,0.0
-298.2,-0.006924,5.91e-05,0.0902,0.688,0.2457,0.828,0.6245,13.26,6.63,3754.0,3754.0,3754.0,3754.0,3754.0,3754.0,3754.0,3754.0,3754.0,3754.0,3754.0,3754.0,3754.0,3754.0,3754.0,3754.0,3754.0,3754.0,3754.0,3754.0,3754.0,3754.0,3754.0,3754.0,3754.0,3754.0,3754.0,3754.0,3754.0,3754.0,3754.0,3754.0,3754.0,3754.0,3754.0,3754.0,3754.0,3754.0,3754.0,3754.0,3754.0,3754.0,3754.0,3754.0,3754.0,3754.0,3754.0,3754.0,3754.0,3754.0,3754.0,3754.0,3754.0,3754.0,3754.0,3754.0,3754.0,3754.0,0.0
-298.2,-0.006992,5.16e-05,0.09,0.6787,0.2303,0.843,0.6064,15.586,7.35,3754.0,3754.0,3754.0,3754.0,3754.0,3754.0,3754.0,3754.0,3754.0,3754.0,3754.0,3754.0,3754.0,3754.0,3754.0,3754.0,3754.0,3754.0,3754.0,3754.0,3754.0,3754.0,3754.0,3754.0,3754.0,3754.0,3754.0,3754.0,3754.0,3754.0,3754.0,3754.0,3754.0,3754.0,3754.0,3754.0,3754.0,3754.0,3754.0,3754.0,3754.0,3754.0,3754.0,3754.0,3754.0,3754.0,3754.0,3754.0,3754.0,3754.0,3754.0,3754.0,3754.0,3754.0,3754.0,3754.0,3754.0,3754.0,0.0
-298.2,-0.006866,6.574e-05,0.097,0.681,0.2314,0.8423,0.5986,15.305,5.66,3754.0,3754.0,3754.0,3754.0,3754.0,3754.0,3754.0,3754.0,3754.0,3754.0,3754.0,3754.0,3754.0,3754.0,3754.0,3754.0,3754.0,3754.0,3754.0,3754.0,3754.0,3754.0,3754.0,3754.0,3754.0,3754.0,3754.0,3754.0,3754.0,3754.0,3754.0,3754.0,3754.0,3754.0,3754.0,3754.0,3754.0,3754.0,3754.0,3754.0,3754.0,3754.0,3754.0,3754.0,3754.0,3754.0,3754.0,3754.0,3754.0,3754.0,3754.0,3754.0,3754.0,3754.0,3754.0,3754.0,3754.0,3754.0,0.0
-298.2,-0.006886,8.17e-05,0.0913,0.666,0.2354,0.8574,0.6064,14.7,4.074,3754.0,3754.0,3754.0,3754.0,3754.0,3754.0,3754.0,3754.0,3754.0,3754.0,3754.0,3754.0,3754.0,3754.0,3754.0,3754.0,3754.0,3754.0,3754.0,3754.0,3754.0,3754.0,3754.0,3754.0,3754.0,3754.0,3754.0,3754.0,3754.0,3754.0,3754.0,3754.0,3754.0,3754.0,3754.0,3754.0,3754.0,3754.0,3754.0,3754.0,3754.0,3754.0,3754.0,3754.0,3754.0,3754.0,3754.0,3754.0,3754.0,3754.0,3754.0,3754.0,3754.0,3754.0,3754.0,3754.0,3754.0,3754.0,0.0
-298.2,-0.00677,6.574e-05,0.0923,0.656,0.2294,0.8604,0.591,15.15,4.055,3754.0,3754.0,3754.0,3754.0,3754.0,3754.0,3754.0,3754.0,3754.0,3754.0,3754.0,3754.0,3754.0,3754.0,3754.0,3754.0,3754.0,3754.0,3754.0,3754.0,3754.0,3754.0,3754.0,3754.0,3754.0,3754.0,3754.0,3754.0,3754.0,3754.0,3754.0,3754.0,3754.0,3754.0,3754.0,3754.0,3754.0,3754.0,3754.0,3754.0,3754.0,3754.0,3754.0,3754.0,3754.0,3754.0,3754.0,3754.0,3754.0,3754.0,3754.0,3754.0,3754.0,3754.0,3754.0,3754.0,3754.0,3754.0,0.0
-298.2,-0.006657,5.62e-05,0.09283,0.659,0.2307,0.8726,0.5947,14.86,4.453,3754.0,3754.0,3754.0,3754.0,3754.0,3754.0,3754.0,3754.0,3754.0,3754.0,3754.0,3754.0,3754.0,3754.0,3754.0,3754.0,3754.0,3754.0,3754.0,3754.0,3754.0,3754.0,3754.0,3754.0,3754.0,3754.0,3754.0,3754.0,3754.0,3754.0,3754.0,3754.0,3754.0,3754.0,3754.0,3754.0,3754.0,3754.0,3754.0,3754.0,3754.0,3754.0,3754.0,3754.0,3754.0,3754.0,3754.0,3754.0,3754.0,3754.0,3754.0,3754.0,3754.0,3754.0,3754.0,3754.0,3754.0,3754.0,0.0
-298.2,-0.00695,8.506e-05,0.0815,0.654,0.2236,0.8813,0.5913,16.11,3.781,3754.0,3754.0,3754.0,3754.0,3754.0,3754.0,3754.0,3754.0,3754.0,3754.0,3754.0,3754.0,3754.0,3754.0,3754.0,3754.0,3754.0,3754.0,3754.0,3754.0,3754.0,3754.0,3754.0,3754.0,3754.0,3754.0,3754.0,3754.0,3754.0,3754.0,3754.0,3754.0,3754.0,3754.0,3754.0,3754.0,3754.0,3754.0,3754.0,3754.0,3754.0,3754.0,3754.0,3754.0,3754.0,3754.0,3754.0,3754.0,3754.0,3754.0,3754.0,3754.0,3754.0,3754.0,3754.0,3754.0,3754.0,3754.0,0.0
-298.2,-0.00689,0.0001218,0.0702,0.658,0.2162,0.878,0.596,17.33,5.406,3754.0,3754.0,3754.0,3754.0,3754.0,3754.0,3754.0,3754.0,3754.0,3754.0,3754.0,3754.0,3754.0,3754.0,3754.0,3754.0,3754.0,3754.0,3754.0,3754.0,3754.0,3754.0,3754.0,3754.0,3754.0,3754.0,3754.0,3754.0,3754.0,3754.0,3754.0,3754.0,3754.0,3754.0,3754.0,3754.0,3754.0,3754.0,3754.0,3754.0,3754.0,3754.0,3754.0,3754.0,3754.0,3754.0,3754.0,3754.0,3754.0,3754.0,3754.0,3754.0,3754.0,3754.0,3754.0,3754.0,3754.0,3754.0,0.0
-298.2,-0.006992,9.91e-05,0.0694,0.678,0.2083,0.894,0.613,16.78,5.973,3754.0,3754.0,3754.0,3754.0,3754.0,3754.0,3754.0,3754.0,3754.0,3754.0,3754.0,3754.0,3754.0,3754.0,3754.0,3754.0,3754.0,3754.0,3754.0,3754.0,3754.0,3754.0,3754.0,3754.0,3754.0,3754.0,3754.0,3754.0,3754.0,3754.0,3754.0,3754.0,3754.0,3754.0,3754.0,3754.0,3754.0,3754.0,3754.0,3754.0,3754.0,3754.0,3754.0,3754.0,3754.0,3754.0,3754.0,3754.0,3754.0,3754.0,3754.0,3754.0,3754.0,3754.0,3754.0,3754.0,3754.0,3754.0,0.0
-298.2,-0.00665,8.1e-05,0.0629,0.6733,0.2062,0.8867,0.6133,16.16,6.676,3754.0,3754.0,3754.0,3754.0,3754.0,3754.0,3754.0,3754.0,3754.0,3754.0,3754.0,3754.0,3754.0,3754.0,3754.0,3754.0,3754.0,3754.0,3754.0,3754.0,3754.0,3754.0,3754.0,3754.0,3754.0,3754.0,3754.0,3754.0,3754.0,3754.0,3754.0,3754.0,3754.0,3754.0,3754.0,3754.0,3754.0,3754.0,3754.0,3754.0,3754.0,3754.0,3754.0,3754.0,3754.0,3754.0,3754.0,3754.0,3754.0,3754.0,3754.0,3754.0,3754.0,3754.0,3754.0,3754.0,3754.0,3754.0,0.0
-298.2,-0.00658,9.47e-05,0.0447,0.6763,0.2185,0.8745,0.63,16.58,5.97,3754.0,3754.0,3754.0,3754.0,3754.0,3754.0,3754.0,3754.0,3754.0,3754.0,3754.0,3754.0,3754.0,3754.0,3754.0,3754.0,3754.0,3754.0,3754.0,3754.0,3754.0,3754.0,3754.0,3754.0,3754.0,3754.0,3754.0,3754.0,3754.0,3754.0,3754.0,3754.0,3754.0,3754.0,3754.0,3754.0,3754.0,3754.0,3754.0,3754.0,3754.0,3754.0,3754.0,3754.0,3754.0,3754.0,3754.0,3754.0,3754.0,3754.0,3754.0,3754.0,3754.0,3754.0,3754.0,3754.0,3754.0,3754.0,0.0
-298.2,-0.00659,7.84e-05,0.05045,0.6694,0.2194,0.8906,0.627,17.89,4.754,3754.0,3754.0,3754.0,3754.0,3754.0,3754.0,3754.0,3754.0,3754.0,3754.0,3754.0,3754.0,3754.0,3754.0,3754.0,3754.0,3754.0,3754.0,3754.0,3754.0,3754.0,3754.0,3754.0,3754.0,3754.0,3754.0,3754.0,3754.0,3754.0,3754.0,3754.0,3754.0,3754.0,3754.0,3754.0,3754.0,3754.0,3754.0,3754.0,3754.0,3754.0,3754.0,3754.0,3754.0,3754.0,3754.0,3754.0,3754.0,3754.0,3754.0,3754.0,3754.0,3754.0,3754.0,3754.0,3754.0,3754.0,3754.0,0.0
-298.2,-0.00682,7.32e-05,0.06152,0.6704,0.2426,0.8945,0.629,17.58,4.89,3754.0,3754.0,3754.0,3754.0,3754.0,3754.0,3754.0,3754.0,3754.0,3754.0,3754.0,3754.0,3754.0,3754.0,3754.0,3754.0,3754.0,3754.0,3754.0,3754.0,3754.0,3754.0,3754.0,3754.0,3754.0,3754.0,3754.0,3754.0,3754.0,3754.0,3754.0,3754.0,3754.0,3754.0,3754.0,3754.0,3754.0,3754.0,3754.0,3754.0,3754.0,3754.0,3754.0,3754.0,3754.0,3754.0,3754.0,3754.0,3754.0,3754.0,3754.0,3754.0,3754.0,3754.0,3754.0,3754.0,3754.0,3754.0,0.0
-298.2,-0.006855,5.55e-05,0.0534,0.665,0.2401,0.895,0.6357,16.73,3.287,3754.0,3754.0,3754.0,3754.0,3754.0,3754.0,3754.0,3754.0,3754.0,3754.0,3754.0,3754.0,3754.0,3754.0,3754.0,3754.0,3754.0,3754.0,3754.0,3754.0,3754.0,3754.0,3754.0,3754.0,3754.0,3754.0,3754.0,3754.0,3754.0,3754.0,3754.0,3754.0,3754.0,3754.0,3754.0,3754.0,3754.0,3754.0,3754.0,3754.0,3754.0,3754.0,3754.0,3754.0,3754.0,3754.0,3754.0,3754.0,3754.0,3754.0,3754.0,3754.0,3754.0,3754.0,3754.0,3754.0,3754.0,3754.0,0.0
-298.2,-0.00677,9.66e-05,0.05334,0.6714,0.241,0.894,0.645,16.44,3.555,3754.0,3754.0,3754.0,3754.0,3754.0,3754.0,3754.0,3754.0,3754.0,3754.0,3754.0,3754.0,3754.0,3754.0,3754.0,3754.0,3754.0,3754.0,3754.0,3754.0,3754.0,3754.0,3754.0,3754.0,3754.0,3754.0,3754.0,3754.0,3754.0,3754.0,3754.0,3754.0,3754.0,3754.0,3754.0,3754.0,3754.0,3754.0,3754.0,3754.0,3754.0,3754.0,3754.0,3754.0,3754.0,3754.0,3754.0,3754.0,3754.0,3754.0,3754.0,3754.0,3754.0,3754.0,3754.0,3754.0,3754.0,3754.0,0.0
-298.2,-0.006706,8.83e-05,0.05118,0.662,0.2374,0.884,0.6416,16.5,3.727,3754.0,3754.0,3754.0,3754.0,3754.0,3754.0,3754.0,3754.0,3754.0,3754.0,3754.0,3754.0,3754.0,3754.0,3754.0,3754.0,3754.0,3754.0,3754.0,3754.0,3754.0,3754.0,3754.0,3754.0,3754.0,3754.0,3754.0,3754.0,3754.0,3754.0,3754.0,3754.0,3754.0,3754.0,3754.0,3754.0,3754.0,3754.0,3754.0,3754.0,3754.0,3754.0,3754.0,3754.0,3754.0,3754.0,3754.0,3754.0,3754.0,3754.0,3754.0,3754.0,3754.0,3754.0,3754.0,3754.0,3754.0,3754.0,0.0
-298.2,-0.00671,0.00010175,0.0639,0.6665,0.2375,0.8706,0.6313,16.19,3.117,3754.0,3754.0,3754.0,3754.0,3754.0,3754.0,3754.0,3754.0,3754.0,3754.0,3754.0,3754.0,3754.0,3754.0,3754.0,3754.0,3754.0,3754.0,3754.0,3754.0,3754.0,3754.0,3754.0,3754.0,3754.0,3754.0,3754.0,3754.0,3754.0,3754.0,3754.0,3754.0,3754.0,3754.0,3754.0,3754.0,3754.0,3754.0,3754.0,3754.0,3754.0,3754.0,3754.0,3754.0,3754.0,3754.0,3754.0,3754.0,3754.0,3754.0,3754.0,3754.0,3754.0,3754.0,3754.0,3754.0,3754.0,3754.0,0.0
-298.2,-0.00675,0.00011015,0.0644,0.6523,0.2311,0.842,0.6343,16.47,3.697,3754.0,3754.0,3754.0,3754.0,3754.0,3754.0,3754.0,3754.0,3754.0,3754.0,3754.0,3754.0,3754.0,3754.0,3754.0,3754.0,3754.0,3754.0,3754.0,3754.0,3754.0,3754.0,3754.0,3754.0,3754.0,3754.0,3754.0,3754.0,3754.0,3754.0,3754.0,3754.0,3754.0,3754.0,3754.0,3754.0,3754.0,3754.0,3754.0,3754.0,3754.0,3754.0,3754.0,3754.0,3754.0,3754.0,3754.0,3754.0,3754.0,3754.0,3754.0,3754.0,3754.0,3754.0,3754.0,3754.0,3754.0,3754.0,0.0
-298.2,-0.006428,0.0001303,0.06244,0.664,0.2325,0.8384,0.628,16.17,3.309,3754.0,3754.0,3754.0,3754.0,3754.0,3754.0,3754.0,3754.0,3754.0,3754.0,3754.0,3754.0,3754.0,3754.0,3754.0,3754.0,3754.0,3754.0,3754.0,3754.0,3754.0,3754.0,3754.0,3754.0,3754.0,3754.0,3754.0,3754.0,3754.0,3754.0,3754.0,3754.0,3754.0,3754.0,3754.0,3754.0,3754.0,3754.0,3754.0,3754.0,3754.0,3754.0,3754.0,3754.0,3754.0,3754.0,3754.0,3754.0,3754.0,3754.0,3754.0,3754.0,3754.0,3754.0,3754.0,3754.0,3754.0,3754.0,0.0
-298.2,-0.006393,0.00010496,0.07074,0.668,0.2554,0.828,0.626,16.05,4.297,3754.0,3754.0,3754.0,3754.0,3754.0,3754.0,3754.0,3754.0,3754.0,3754.0,3754.0,3754.0,3754.0,3754.0,3754.0,3754.0,3754.0,3754.0,3754.0,3754.0,3754.0,3754.0,3754.0,3754.0,3754.0,3754.0,3754.0,3754.0,3754.0,3754.0,3754.0,3754.0,3754.0,3754.0,3754.0,3754.0,3754.0,3754.0,3754.0,3754.0,3754.0,3754.0,3754.0,3754.0,3754.0,3754.0,3754.0,3754.0,3754.0,3754.0,3754.0,3754.0,3754.0,3754.0,3754.0,3754.0,3754.0,3754.0,0.0
-298.2,-0.006638,7.52e-05,0.0757,0.674,0.2496,0.8022,0.6206,16.44,3.201,3754.0,3754.0,3754.0,3754.0,3754.0,3754.0,3754.0,3754.0,3754.0,3754.0,3754.0,3754.0,3754.0,3754.0,3754.0,3754.0,3754.0,3754.0,3754.0,3754.0,3754.0,3754.0,3754.0,3754.0,3754.0,3754.0,3754.0,3754.0,3754.0,3754.0,3754.0,3754.0,3754.0,3754.0,3754.0,3754.0,3754.0,3754.0,3754.0,3754.0,3754.0,3754.0,3754.0,3754.0,3754.0,3754.0,3754.0,3754.0,3754.0,3754.0,3754.0,3754.0,3754.0,3754.0,3754.0,3754.0,3754.0,3754.0,0.0
-298.2,-0.0066,5.88e-05,0.07544,0.6587,0.2703,0.79,0.62,17.6,3.682,3754.0,3754.0,3754.0,3754.0,3754.0,3754.0,3754.0,3754.0,3754.0,3754.0,3754.0,3754.0,3754.0,3754.0,3754.0,3754.0,3754.0,3754.0,3754.0,3754.0,3754.0,3754.0,3754.0,3754.0,3754.0,3754.0,3754.0,3754.0,3754.0,3754.0,3754.0,3754.0,3754.0,3754.0,3754.0,3754.0,3754.0,3754.0,3754.0,3754.0,3754.0,3754.0,3754.0,3754.0,3754.0,3754.0,3754.0,3754.0,3754.0,3754.0,3754.0,3754.0,3754.0,3754.0,3754.0,3754.0,3754.0,3754.0,0.0
-298.2,-0.006886,3.22e-05,0.08887,0.657,0.2637,0.801,0.614,19.42,4.36,3754.0,3754.0,3754.0,3754.0,3754.0,3754.0,3754.0,3754.0,3754.0,3754.0,3754.0,3754.0,3754.0,3754.0,3754.0,3754.0,3754.0,3754.0,3754.0,3754.0,3754.0,3754.0,3754.0,3754.0,3754.0,3754.0,3754.0,3754.0,3754.0,3754.0,3754.0,3754.0,3754.0,3754.0,3754.0,3754.0,3754.0,3754.0,3754.0,3754.0,3754.0,3754.0,3754.0,3754.0,3754.0,3754.0,3754.0,3754.0,3754.0,3754.0,3754.0,3754.0,3754.0,3754.0,3754.0,3754.0,3754.0,3754.0,0.0
-298.2,-0.00699,3.07e-05,0.0972,0.668,0.2756,0.803,0.622,18.78,4.527,3754.0,3754.0,3754.0,3754.0,3754.0,3754.0,3754.0,3754.0,3754.0,3754.0,3754.0,3754.0,3754.0,3754.0,3754.0,3754.0,3754.0,3754.0,3754.0,3754.0,3754.0,3754.0,3754.0,3754.0,3754.0,3754.0,3754.0,3754.0,3754.0,3754.0,3754.0,3754.0,3754.0,3754.0,3754.0,3754.0,3754.0,3754.0,3754.0,3754.0,3754.0,3754.0,3754.0,3754.0,3754.0,3754.0,3754.0,3754.0,3754.0,3754.0,3754.0,3754.0,3754.0,3754.0,3754.0,3754.0,3754.0,3754.0,0.0
-298.2,-0.006893,1.955e-05,0.08435,0.669,0.272,0.805,0.6084,17.81,5.73,3754.0,3754.0,3754.0,3754.0,3754.0,3754.0,3754.0,3754.0,3754.0,3754.0,3754.0,3754.0,3754.0,3754.0,3754.0,3754.0,3754.0,3754.0,3754.0,3754.0,3754.0,3754.0,3754.0,3754.0,3754.0,3754.0,3754.0,3754.0,3754.0,3754.0,3754.0,3754.0,3754.0,3754.0,3754.0,3754.0,3754.0,3754.0,3754.0,3754.0,3754.0,3754.0,3754.0,3754.0,3754.0,3754.0,3754.0,3754.0,3754.0,3754.0,3754.0,3754.0,3754.0,3754.0,3754.0,3754.0,3754.0,3754.0,0.0
-298.2,-0.00697,1.21e-05,0.0804,0.6714,0.265,0.7974,0.617,18.42,7.04,3754.0,3754.0,3754.0,3754.0,3754.0,3754.0,3754.0,3754.0,3754.0,3754.0,3754.0,3754.0,3754.0,3754.0,3754.0,3754.0,3754.0,3754.0,3754.0,3754.0,3754.0,3754.0,3754.0,3754.0,3754.0,3754.0,3754.0,3754.0,3754.0,3754.0,3754.0,3754.0,3754.0,3754.0,3754.0,3754.0,3754.0,3754.0,3754.0,3754.0,3754.0,3754.0,3754.0,3754.0,3754.0,3754.0,3754.0,3754.0,3754.0,3754.0,3754.0,3754.0,3754.0,3754.0,3754.0,3754.0,3754.0,3754.0,0.0
-298.2,-0.00696,7.9e-06,0.0925,0.676,0.2695,0.819,0.611,19.34,7.098,3754.0,3754.0,3754.0,3754.0,3754.0,3754.0,3754.0,3754.0,3754.0,3754.0,3754.0,3754.0,3754.0,3754.0,3754.0,3754.0,3754.0,3754.0,3754.0,3754.0,3754.0,3754.0,3754.0,3754.0,3754.0,3754.0,3754.0,3754.0,3754.0,3754.0,3754.0,3754.0,3754.0,3754.0,3754.0,3754.0,3754.0,3754.0,3754.0,3754.0,3754.0,3754.0,3754.0,3754.0,3754.0,3754.0,3754.0,3754.0,3754.0,3754.0,3754.0,3754.0,3754.0,3754.0,3754.0,3754.0,3754.0,3754.0,0.0
-298.2,-0.00691,2.027e-05,0.0979,0.669,0.2732,0.8247,0.609,18.75,5.816,3754.0,3754.0,3754.0,3754.0,3754.0,3754.0,3754.0,3754.0,3754.0,3754.0,3754.0,3754.0,3754.0,3754.0,3754.0,3754.0,3754.0,3754.0,3754.0,3754.0,3754.0,3754.0,3754.0,3754.0,3754.0,3754.0,3754.0,3754.0,3754.0,3754.0,3754.0,3754.0,3754.0,3754.0,3754.0,3754.0,3754.0,3754.0,3754.0,3754.0,3754.0,3754.0,3754.0,3754.0,3754.0,3754.0,3754.0,3754.0,3754.0,3754.0,3754.0,3754.0,3754.0,3754.0,3754.0,3754.0,3754.0,3754.0,0.0
-298.2,-0.006474,2e-06,0.0959,0.667,0.2761,0.833,0.617,18.17,5.65,3754.0,3754.0,3754.0,3754.0,3754.0,3754.0,3754.0,3754.0,3754.0,3754.0,3754.0,3754.0,3754.0,3754.0,3754.0,3754.0,3754.0,3754.0,3754.0,3754.0,3754.0,3754.0,3754.0,3754.0,3754.0,3754.0,3754.0,3754.0,3754.0,3754.0,3754.0,3754.0,3754.0,3754.0,3754.0,3754.0,3754.0,3754.0,3754.0,3754.0,3754.0,3754.0,3754.0,3754.0,3754.0,3754.0,3754.0,3754.0,3754.0,3754.0,3754.0,3754.0,3754.0,3754.0,3754.0,3754.0,3754.0,3754.0,0.0
-298.2,-0.006416,2.205e-05,0.0946,0.674,0.2834,0.8223,0.6226,18.5,5.68,3754.0,3754.0,3754.0,3754.0,3754.0,3754.0,3754.0,3754.0,3754.0,3754.0,3754.0,3754.0,3754.0,3754.0,3754.0,3754.0,3754.0,3754.0,3754.0,3754.0,3754.0,3754.0,3754.0,3754.0,3754.0,3754.0,3754.0,3754.0,3754.0,3754.0,3754.0,3754.0,3754.0,3754.0,3754.0,3754.0,3754.0,3754.0,3754.0,3754.0,3754.0,3754.0,3754.0,3754.0,3754.0,3754.0,3754.0,3754.0,3754.0,3754.0,3754.0,3754.0,3754.0,3754.0,3754.0,3754.0,3754.0,3754.0,0.0
-298.2,-0.006332,1.13e-05,0.0898,0.678,0.296,0.8228,0.6255,20.2,5.918,3754.0,3754.0,3754.0,3754.0,3754.0,3754.0,3754.0,3754.0,3754.0,3754.0,3754.0,3754.0,3754.0,3754.0,3754.0,3754.0,3754.0,3754.0,3754.0,3754.0,3754.0,3754.0,3754.0,3754.0,3754.0,3754.0,3754.0,3754.0,3754.0,3754.0,3754.0,3754.0,3754.0,3754.0,3754.0,3754.0,3754.0,3754.0,3754.0,3754.0,3754.0,3754.0,3754.0,3754.0,3754.0,3754.0,3754.0,3754.0,3754.0,3754.0,3754.0,3754.0,3754.0,3754.0,3754.0,3754.0,3754.0,3754.0,0.0
-298.2,-0.005787,4.125e-05,0.0955,0.681,0.305,0.8164,0.6304,19.95,5.9,3754.0,3754.0,3754.0,3754.0,3754.0,3754.0,3754.0,3754.0,3754.0,3754.0,3754.0,3754.0,3754.0,3754.0,3754.0,3754.0,3754.0,3754.0,3754.0,3754.0,3754.0,3754.0,3754.0,3754.0,3754.0,3754.0,3754.0,3754.0,3754.0,3754.0,3754.0,3754.0,3754.0,3754.0,3754.0,3754.0,3754.0,3754.0,3754.0,3754.0,3754.0,3754.0,3754.0,3754.0,3754.0,3754.0,3754.0,3754.0,3754.0,3754.0,3754.0,3754.0,3754.0,3754.0,3754.0,3754.0,3754.0,3754.0,0.0
-298.2,-0.00583,2.72e-05,0.0902,0.6855,0.3215,0.8203,0.618,20.39,7.098,3754.0,3754.0,3754.0,3754.0,3754.0,3754.0,3754.0,3754.0,3754.0,3754.0,3754.0,3754.0,3754.0,3754.0,3754.0,3754.0,3754.0,3754.0,3754.0,3754.0,3754.0,3754.0,3754.0,3754.0,3754.0,3754.0,3754.0,3754.0,3754.0,3754.0,3754.0,3754.0,3754.0,3754.0,3754.0,3754.0,3754.0,3754.0,3754.0,3754.0,3754.0,3754.0,3754.0,3754.0,3754.0,3754.0,3754.0,3754.0,3754.0,3754.0,3754.0,3754.0,3754.0,3754.0,3754.0,3754.0,3754.0,3754.0,0.0
-298.2,-0.00596,3.3e-06,0.0801,0.682,0.3135,0.812,0.597,20.98,7.434,3754.0,3754.0,3754.0,3754.0,3754.0,3754.0,3754.0,3754.0,3754.0,3754.0,3754.0,3754.0,3754.0,3754.0,3754.0,3754.0,3754.0,3754.0,3754.0,3754.0,3754.0,3754.0,3754.0,3754.0,3754.0,3754.0,3754.0,3754.0,3754.0,3754.0,3754.0,3754.0,3754.0,3754.0,3754.0,3754.0,3754.0,3754.0,3754.0,3754.0,3754.0,3754.0,3754.0,3754.0,3754.0,3754.0,3754.0,3754.0,3754.0,3754.0,3754.0,3754.0,3754.0,3754.0,3754.0,3754.0,3754.0,3754.0,0.0
-298.2,-0.006256,2.61e-05,0.06616,0.692,0.3079,0.838,0.592,21.17,7.023,3754.0,3754.0,3754.0,3754.0,3754.0,3754.0,3754.0,3754.0,3754.0,3754.0,3754.0,3754.0,3754.0,3754.0,3754.0,3754.0,3754.0,3754.0,3754.0,3754.0,3754.0,3754.0,3754.0,3754.0,3754.0,3754.0,3754.0,3754.0,3754.0,3754.0,3754.0,3754.0,3754.0,3754.0,3754.0,3754.0,3754.0,3754.0,3754.0,3754.0,3754.0,3754.0,3754.0,3754.0,3754.0,3754.0,3754.0,3754.0,3754.0,3754.0,3754.0,3754.0,3754.0,3754.0,3754.0,3754.0,3754.0,3754.0,0.0
-298.2,-0.005833,5.305e-05,0.0749,0.687,0.3162,0.838,0.605,22.28,6.375,3754.0,3754.0,3754.0,3754.0,3754.0,3754.0,3754.0,3754.0,3754.0,3754.0,3754.0,3754.0,3754.0,3754.0,3754.0,3754.0,3754.0,3754.0,3754.0,3754.0,3754.0,3754.0,3754.0,3754.0,3754.0,3754.0,3754.0,3754.0,3754.0,3754.0,3754.0,3754.0,3754.0,3754.0,3754.0,3754.0,3754.0,3754.0,3754.0,3754.0,3754.0,3754.0,3754.0,3754.0,3754.0,3754.0,3754.0,3754.0,3754.0,3754.0,3754.0,3754.0,3754.0,3754.0,3754.0,3754.0,3754.0,3754.0,0.0
-298.2,-0.005814,7.74e-05,0.06445,0.6855,0.309,0.819,0.604,22.16,7.887,3754.0,3754.0,3754.0,3754.0,3754.0,3754.0,3754.0,3754.0,3754.0,3754.0,3754.0,3754.0,3754.0,3754.0,3754.0,3754.0,3754.0,3754.0,3754.0,3754.0,3754.0,3754.0,3754.0,3754.0,3754.0,3754.0,3754.0,3754.0,3754.0,3754.0,3754.0,3754.0,3754.0,3754.0,3754.0,3754.0,3754.0,3754.0,3754.0,3754.0,3754.0,3754.0,3754.0,3754.0,3754.0,3754.0,3754.0,3754.0,3754.0,3754.0,3754.0,3754.0,3754.0,3754.0,3754.0,3754.0,3754.0,3754.0,0.0
-298.2,-0.005684,8.05e-05,0.06976,0.7,0.2983,0.8154,0.6064,22.69,7.582,3754.0,3754.0,3754.0,3754.0,3754.0,3754.0,3754.0,3754.0,3754.0,3754.0,3754.0,3754.0,3754.0,3754.0,3754.0,3754.0,3754.0,3754.0,3754.0,3754.0,3754.0,3754.0,3754.0,3754.0,3754.0,3754.0,3754.0,3754.0,3754.0,3754.0,3754.0,3754.0,3754.0,3754.0,3754.0,3754.0,3754.0,3754.0,3754.0,3754.0,3754.0,3754.0,3754.0,3754.0,3754.0,3754.0,3754.0,3754.0,3754.0,3754.0,3754.0,3754.0,3754.0,3754.0,3754.0,3754.0,3754.0,3754.0,0.0
-298.2,-0.005287,0.000106,0.06525,0.6914,0.2996,0.798,0.61,22.55,7.117,3754.0,3754.0,3754.0,3754.0,3754.0,3754.0,3754.0,3754.0,3754.0,3754.0,3754.0,3754.0,3754.0,3754.0,3754.0,3754.0,3754.0,3754.0,3754.0,3754.0,3754.0,3754.0,3754.0,3754.0,3754.0,3754.0,3754.0,3754.0,3754.0,3754.0,3754.0,3754.0,3754.0,3754.0,3754.0,3754.0,3754.0,3754.0,3754.0,3754.0,3754.0,3754.0,3754.0,3754.0,3754.0,3754.0,3754.0,3754.0,3754.0,3754.0,3754.0,3754.0,3754.0,3754.0,3754.0,3754.0,3754.0,3754.0,0.0
-298.2,-0.005623,9.99e-05,0.0689,0.69,0.3135,0.7866,0.6094,22.75,6.74,3754.0,3754.0,3754.0,3754.0,3754.0,3754.0,3754.0,3754.0,3754.0,3754.0,3754.0,3754.0,3754.0,3754.0,3754.0,3754.0,3754.0,3754.0,3754.0,3754.0,3754.0,3754.0,3754.0,3754.0,3754.0,3754.0,3754.0,3754.0,3754.0,3754.0,3754.0,3754.0,3754.0,3754.0,3754.0,3754.0,3754.0,3754.0,3754.0,3754.0,3754.0,3754.0,3754.0,3754.0,3754.0,3754.0,3754.0,3754.0,3754.0,3754.0,3754.0,3754.0,3754.0,3754.0,3754.0,3754.0,3754.0,3754.0,0.0
-298.2,-0.005272,9.24e-05,0.0634,0.6934,0.3035,0.7896,0.617,22.03,6.637,3754.0,3754.0,3754.0,3754.0,3754.0,3754.0,3754.0,3754.0,3754.0,3754.0,3754.0,3754.0,3754.0,3754.0,3754.0,3754.0,3754.0,3754.0,3754.0,3754.0,3754.0,3754.0,3754.0,3754.0,3754.0,3754.0,3754.0,3754.0,3754.0,3754.0,3754.0,3754.0,3754.0,3754.0,3754.0,3754.0,3754.0,3754.0,3754.0,3754.0,3754.0,3754.0,3754.0,3754.0,3754.0,3754.0,3754.0,3754.0,3754.0,3754.0,3754.0,3754.0,3754.0,3754.0,3754.0,3754.0,3754.0,3754.0,0.0
-298.2,-0.005314,9.82e-05,0.06143,0.687,0.2944,0.7866,0.633,21.5,6.625,3754.0,3754.0,3754.0,3754.0,3754.0,3754.0,3754.0,3754.0,3754.0,3754.0,3754.0,3754.0,3754.0,3754.0,3754.0,3754.0,3754.0,3754.0,3754.0,3754.0,3754.0,3754.0,3754.0,3754.0,3754.0,3754.0,3754.0,3754.0,3754.0,3754.0,3754.0,3754.0,3754.0,3754.0,3754.0,3754.0,3754.0,3754.0,3754.0,3754.0,3754.0,3754.0,3754.0,3754.0,3754.0,3754.0,3754.0,3754.0,3754.0,3754.0,3754.0,3754.0,3754.0,3754.0,3754.0,3754.0,3754.0,3754.0,0.0
-298.2,-0.005825,0.00011283,0.0682,0.6846,0.295,0.792,0.617,20.97,7.418,3754.0,3754.0,3754.0,3754.0,3754.0,3754.0,3754.0,3754.0,3754.0,3754.0,3754.0,3754.0,3754.0,3754.0,3754.0,3754.0,3754.0,3754.0,3754.0,3754.0,3754.0,3754.0,3754.0,3754.0,3754.0,3754.0,3754.0,3754.0,3754.0,3754.0,3754.0,3754.0,3754.0,3754.0,3754.0,3754.0,3754.0,3754.0,3754.0,3754.0,3754.0,3754.0,3754.0,3754.0,3754.0,3754.0,3754.0,3754.0,3754.0,3754.0,3754.0,3754.0,3754.0,3754.0,3754.0,3754.0,3754.0,3754.0,0.0
-298.2,-0.00609,9.084e-05,0.0902,0.685,0.2986,0.7837,0.614,20.55,6.875,3754.0,3754.0,3754.0,3754.0,3754.0,3754.0,3754.0,3754.0,3754.0,3754.0,3754.0,3754.0,3754.0,3754.0,3754.0,3754.0,3754.0,3754.0,3754.0,3754.0,3754.0,3754.0,3754.0,3754.0,3754.0,3754.0,3754.0,3754.0,3754.0,3754.0,3754.0,3754.0,3754.0,3754.0,3754.0,3754.0,3754.0,3754.0,3754.0,3754.0,3754.0,3754.0,3754.0,3754.0,3754.0,3754.0,3754.0,3754.0,3754.0,3754.0,3754.0,3754.0,3754.0,3754.0,3754.0,3754.0,3754.0,3754.0,0.0
-298.2,-0.006046,0.0001098,0.08093,0.6855,0.3027,0.7905,0.6157,20.17,6.047,3754.0,3754.0,3754.0,3754.0,3754.0,3754.0,3754.0,3754.0,3754.0,3754.0,3754.0,3754.0,3754.0,3754.0,3754.0,3754.0,3754.0,3754.0,3754.0,3754.0,3754.0,3754.0,3754.0,3754.0,3754.0,3754.0,3754.0,3754.0,3754.0,3754.0,3754.0,3754.0,3754.0,3754.0,3754.0,3754.0,3754.0,3754.0,3754.0,3754.0,3754.0,3754.0,3754.0,3754.0,3754.0,3754.0,3754.0,3754.0,3754.0,3754.0,3754.0,3754.0,3754.0,3754.0,3754.0,3754.0,3754.0,3754.0,0.0
-298.2,-0.006027,8.89e-05,0.0804,0.682,0.323,0.8086,0.6055,19.47,6.12,3754.0,3754.0,3754.0,3754.0,3754.0,3754.0,3754.0,3754.0,3754.0,3754.0,3754.0,3754.0,3754.0,3754.0,3754.0,3754.0,3754.0,3754.0,3754.0,3754.0,3754.0,3754.0,3754.0,3754.0,3754.0,3754.0,3754.0,3754.0,3754.0,3754.0,3754.0,3754.0,3754.0,3754.0,3754.0,3754.0,3754.0,3754.0,3754.0,3754.0,3754.0,3754.0,3754.0,3754.0,3754.0,3754.0,3754.0,3754.0,3754.0,3754.0,3754.0,3754.0,3754.0,3754.0,3754.0,3754.0,3754.0,3754.0,0.0
-298.2,-0.006065,0.0001116,0.0745,0.676,0.318,0.799,0.6064,21.1,6.445,3754.0,3754.0,3754.0,3754.0,3754.0,3754.0,3754.0,3754.0,3754.0,3754.0,3754.0,3754.0,3754.0,3754.0,3754.0,3754.0,3754.0,3754.0,3754.0,3754.0,3754.0,3754.0,3754.0,3754.0,3754.0,3754.0,3754.0,3754.0,3754.0,3754.0,3754.0,3754.0,3754.0,3754.0,3754.0,3754.0,3754.0,3754.0,3754.0,3754.0,3754.0,3754.0,3754.0,3754.0,3754.0,3754.0,3754.0,3754.0,3754.0,3754.0,3754.0,3754.0,3754.0,3754.0,3754.0,3754.0,3754.0,3754.0,0.0
